{

   
"sites": [

{"key" : "drpy_T4聚合","name" : "🍁影视推荐(首页)","type" : 3,"api":"clan://TVBox/JS/lib/drpy2.min.js","ext":"clan://TVBox/JS/js/drpy.js","jar":"clan://TVBox/JS/w.jar"},

{"key":"七七","name":"🔥七七","type":3,"api":"csp_Kunyu77","searchable":1,"quickSearch":1,"filterable":1,"jar": "https://download.kstore.space/download/3376/77.jar;md5;5F6A69AC1B85BC9F4FC3B352009C6739"},

 {
      "key": "drpy_js_360影视",
      "name": "🍡360影视[DRPY]",
      "type": 3,
      "api": "https://ghproxy.com/https://raw.githubusercontent.com/ShadowDemon1997/CatVodSpiderJS/main/drpy.js",
      "ext": "https://gitcode.net/qq_32394351/dr_py/-/raw/master/js/360影视.js"
    },
    {
            "key" : "drpy_js_奇珍异兽",
            "name" : "🦐奇珍异兽[DRPY]",
            "type" : 3,
            "api" : "https://notabug.org/zqk219/yingshicang/raw/master/JS/lib/drpy.ym.js",
            "ext" : "https://notabug.org/zqk219/yingshicang/raw/master/JS/js/奇珍异兽.js"
        },
{
            "key" : "drpy_js_酷云77",
            "name" : "☁️酷云77[DRPY]",
            "type" : 3,
            "api" : "https://notabug.org/zqk219/yingshicang/raw/master/JS/lib/drpy.ym.js",
            "ext" : "https://notabug.org/zqk219/yingshicang/raw/master/JS/js/酷云77.js"
        },{
            "key" : "drpy_js_菜狗",
            "name" : "🐕菜狗[DRPY]",
            "type" : 3,
            "api" : "https://notabug.org/zqk219/yingshicang/raw/master/JS/lib/drpy.ym.js",
            "ext" : "https://notabug.org/zqk219/yingshicang/raw/master/JS/js/菜狗.js"
        },
         {
      "key": "drpy_js_腾云驾雾",
      "name": "🔭腾云驾雾🔭",
      "type": 3,
      "api": "https://ghproxy.com/https://raw.githubusercontent.com/yxcqr/CatVodSpiderJS/main/drpy.js",
      "ext": "https://gitcode.net/qq_39677597/dr_py/-/raw/master/js/腾云驾雾.js"
    },
        {
      "key": "drpy_js_优酷",
      "name": "🔭优酷🔭",
      "type": 3,
      "api": "https://ghproxy.com/https://raw.githubusercontent.com/yxcqr/CatVodSpiderJS/main/drpy.js",
      "ext": "https://gitcode.net/qq_39677597/dr_py/-/raw/master/js/优酷.js"
    },
    {
"key": "drpy_js_喵喵", 
"name": "🐒2345看(道长)", 
"type": 3, 
"api": "https://ghproxy.com/https://raw.githubusercontent.com/ShadowDemon1997/CatVodSpiderJS/main/drpy.js", 
"ext": "https://notabug.org/qizhen15800/My9394/raw/master/js/%e5%96%b5%e5%96%b5.js"
},
         {
      "key": "drpy_js_牛马TV",
      "name": "🐂牛马TV[DRPY]",
      "type": 3,
      "api": "https://ghproxy.com/https://raw.githubusercontent.com/ShadowDemon1997/CatVodSpiderJS/main/drpy.js",
      "ext": "https://gitcode.net/qq_32394351/dr_py/-/raw/master/js/牛马TV.js"
    },

{"key":"csp_Nkdy","name":"⏺南柯","type":3,"api":"csp_Nkdy","searchable":1,"quickSearch":1,"filterable":1,"jar": "https://agit.ai/66666/mao/raw/commit/6330c452f5fb046a2715f11cc353f19e3871d268/jar/ZJ.jar"},
{"key":"Zjdr","name":"🌐追剧达人","type":3,"api":"csp_Zjdr","searchable":1,"quickSearch":1,"filterable":1,"jar": "https://agit.ai/66666/mao/raw/commit/6330c452f5fb046a2715f11cc353f19e3871d268/jar/ZJ.jar"},
{"key":"csp_Ysgc","name":"🎥影视工厂","type":3,"api":"csp_Ysgc","searchable":1,"quickSearch":1,"filterable":1,"jar": "https://agit.ai/66666/mao/raw/commit/6330c452f5fb046a2715f11cc353f19e3871d268/jar/ZJ.jar"},

  {
    "key": "Pang",
    "name": "🐯胖虎",
    "type": "3",
    "api": "csp_Dora",
    "searchable": "1",
    "quickSearch": "1",
    "filterable": "1",
    "jar": "https://agit.ai/66666/mao/raw/commit/6330c452f5fb046a2715f11cc353f19e3871d268/jar/ZJ.jar"
  },

{"key":"csp_Nmys","name":"农民","type":3,"api":"csp_Nmys","searchable":1,"quickSearch":1,"filterable":1,"ext":"http://shuyuan.miaogongzi.net/shuyuan/1665492052.json"},

{"key": "csp_XYQ_lu1",
"name": "️📺电视┃直播",
"type": 3,
"api": "csp_XYQHiker",
"searchable": 1,
"quickSearch": 1,
"filterable": 0,
"ext": "https://notabug.org/qizhen15800/My9394/raw/master/XYQHiker/%e6%9f%a0%e6%aa%acTV.json",
"jar":"https://notabug.org/qizhen15800/My9394/raw/master/jar/XYQPlugin_1023.jar"
},

{
 "key":"Gitcafe",
 "name":"🔖小纸条",
 "type":3,
 "jar": "clan://TVBox/jar/ali刷新.jar",
 "api":"csp_Gitcafe",
 "searchable":1,
 "quickSearch":1,
 "filterable":1,
  "ext":"clan://TVBox/jar/alitoken.txt"
 },
{"key": "紙條","name": "📜纸条 | 搜索","type": 3,"api": "csp_Paper","searchable": 1,"filterable": 1,"switchable": 0,"ext": "clan://TVBox/jar/alitoken.txt","jar": "clan://TVBox/jar/fm.jar"},
{"key": "易搜","name": "😹易搜┃搜索","type": 3,"api": "csp_YiSo","searchable": 1,"filterable": 0,"switchable": 0,"ext": "clan://TVBox/jar/alitoken.txt","jar": "clan://TVBox/jar/fm.jar"},
{"key": "盤搜","name": "😻盘搜 | 搜索","type": 3,"api": "csp_PanSou","searchable": 1,"filterable": 0,"switchable": 0,"ext": "clan://TVBox/jar/alitoken.txt","jar": "clan://TVBox/jar/fm.jar"},
{"key": "UP雲搜","name": "😻Up云搜┃搜索","type": 3,"api": "csp_UpYun","searchable": 1,"filterable": 0,"switchable": 0,"ext": "clan://TVBox/jar/alitoken.txt","jar": "clan://TVBox/jar/fm.jar"},
{"key": "找資源","name": "😺找资源 | 搜索","type": 3,"api": "csp_Zhaozy","searchable": 1,"filterable": 0,"switchable": 0,"ext": "clan://TVBox/jar/alitoken.txt$$$yingshi$$$abcd1234","jar": "clan://TVBox/jar/fm.jar"},
{"key": "push_agent","name": "🐱推送(阿里推送/磁力推送)","type": 3,"api": "csp_Push","searchable": 1,"filterable": 0,"switchable": 0,"ext": "clan://TVBox/jar/alitoken.txt","jar": "clan://TVBox/jar/fm.jar"},

{
        "key": "csp_xb_7xiady",
        "name": "🎦秋霞影视(xBPQ)",
        "type": 3,
        "api": "csp_xBPQ",
        "searchable": 1,
        "quickSearch": 1,
        "filterable": 0,
        "ext": "分类url:https://www.7xiady.cc/show/{cateId}--------{catePg}---,免嗅:1","jar":"https://agit.ai/66666/mao/raw/branch/master/jar/19.jar"
        },

{
"key":"csp_xBPQ_北川影视",
"name":"️🚊北川影视 xBPQ",
"type":3,
"api":"csp_xBPQ",
"searchable":1,
"quickSearch":1,
"filterable":0,
"ext":"{\"副标题\":\"class=\\\"module-item-note\\\">&&</div>\",\"线路数组\": \"data-dropdown-value=&&/div\",\"线路标题\": \"<span>&&</small>\",\"播放数组\": \"id=\\\"panel1&&</div>\",\"分类url\":\"http://bczhuiju.com/vodshow/{cateId}-{area}--{class}-{lang}-{letter}---{catePg}---{year}/\",\"筛选\":\"1\"}"},

    {
      "key": "drpy_js_百忙无果",
      "name": "🚑百忙无果[DRPY]",
      "type": 3,
      "api": "https://ghproxy.com/https://raw.githubusercontent.com/ShadowDemon1997/CatVodSpiderJS/main/drpy.js",
      "ext": "https://gitcode.net/qq_32394351/dr_py/-/raw/master/js/百忙无果.js"
    },
    {"key":"mtv_pc_快看影视","name":"🔥快看影视","type":3,"api":"csp_Kuaikan"       ,"searchable":1,"quickSearch":1,"filterable":1,"jar":""},

  {"key":"293视频","name":"🥕293 视频","type":3,"api":"csp_SP293","searchable":1,"quickSearch":1,"filterable":1,"jar":"https://agit.ai/66666/mao/raw/branch/master/jar/293.jar"}, 
  {"key":"csp_Bttoo","name":"BTToo","type":3,"api":"csp_Bttoo","searchable":1,"quickSearch":1,"filterable":1}, 
  {"key":"哔滴","name":"哔滴影视()","type":3,"api":"csp_Bdys01","searchable":1,"quickSearch":1,"filterable":1},

{"key":"mtv_pc_完美看看","name":"👹┃完美看看","type": 4,"api": "http://home.jundie.top:666/psp/wmkk.php","searchable": 1,"quickSearch": 1,"filterable": 1},
 {"key": "csp_xf_cs","name": "️FREEOK🍑(xBPQ)","type": 3,"api": "csp_xBPQ","searchable": 1,"quickSearch": 1,"filterable": 0,
"ext": "{\"免嗅\":\"1\",\"播放标题\":\"span>&&<\",\"副标题\":\"class=\\\"module-item-note\\\">&&</div>\",\"线路数组\": \"class=\\\"module-tab-item tab-item&&</div>\",\"线路标题\": \"<span>&&</span>\",\"播放数组\":\"class=\\\"module-play-list&&</div>\",\"分类\":\"电影$1#剧集$2#综艺$4#动漫$3#今日更新$38\",\"分类url\":\"https://www.freeok.vip/vodshow/{cateId}--------{catePg}---/\",
\"年份\":\"1990-2022\",
\"筛选\":\"1\"}"}, 

 {"key": "csp_xBPQ_zizi ","name": "🍀子子影视(XBPQ)","type": 3,"api": "csp_xBPQ","searchable": 1,"quickSearch": 1,"filterable": 0,"ext": "https://agit.ai/66666/mao/raw/branch/master/json/zizi.json"},   {"key": "csp_xBPQ_极品影视","name": "极品影视(XBPQ)","type": 3,"api": "csp_xBPQ","searchable": 1,"quickSearch": 1,"filterable": 0,"ext": "https://agit.ai/66666/mao/raw/commit/7a2c9d10f6ac90df0264d07610eafb6d59b9c020/json/极品影视.json"},

{
"key": "csp_xBPQ_野荷塘",
"name": "🏞️野荷塘影视",
"type": 3,
"api": "csp_xBPQ",
"searchable": 1,
"quickSearch": 1,
"filterable": 0,
	"ext": "{
\"免嗅\":\"0\",

\"嗅探词\": \"m3u8?#ixigua#.czspp#.m3u8#mp4#.flv#.mp3#.m4a#.mp4#item/video#is_play_url=1\",

\"副标题\": \"vod_remarks*>&&<\",

\"播放数组\": \"mdui-panel-item-body&&</div\",
\"线路数组\": \"mdui-panel-item-title&&/div\",


\"分类\":\"国产电视剧$13#电视剧$2#电影$1#动漫$4#综艺$3\",

\"分类url\":\"https://yehetang.cc/show/{cateId}-{area}-{by}-{class}-----{catePg}---{year}.html\",

\"年份\":\"2000-2022\",
\"筛选\":\"1\"
}",
"jar":"https://agit.ai/66666/mao/raw/branch/master/jar/19.jar"},

{"key":"csp_xBPQ_LIBVIO","name":"LIBVIO(XBPQ)","type":3,"api":"csp_xBPQ","searchable":1,"quickSearch":1,"filterable":1,"ext":"https://gitee.com/cainisi/TVBox/raw/master/xBPQ/LIBVIO.json"},

 {"key": "csp_xBPQ_dyxs",
"name": "电影先生(XBPQ)","type": 3,"api": "csp_xBPQ","searchable": 1,"quickSearch": 1,"filterable": 0,
"ext": "https://agit.ai/66666/mao/raw/commit/a37806997a2baed1ee18643ce76410b465496536/json/电影先生.json"
},

{
"key": "csp_xBPQ_皮皮泡影视",
"name": "皮皮泡影视(XBPQ)",
"type": 3,
"api": "csp_xBPQ",
"searchable": 1,
"quickSearch": 1,
"filterable": 0,
"ext": "{
\"免嗅\":\"0\",
\"副标题\":\"class=\\\"pic-text text-right\\\">&&</span>\",
\"导演\": \"导演：&&</div\",
\"主演\": \"主演：&&</div\",
\"播放标题\":\">&&<\",
\"播放数组\":\"class=\\\"stui-content__playlist clearfix&&</ul>\",
\"分类\":\"国产剧$13#电视剧$dianshiju#动漫$dongman#电影$dianying#综艺$zongyi#纪录片$jilupian\",
\"分类url\":\"https://www.pipipao.com/vodshow/id/{cateId}/page/{catePg}.htmll\",
\"年份\":\"2000-2022\",
\"筛选\":\"1\"
}"},

{"key": "csp_xBPQ_奇粹视频",
"name": "奇粹视频(XBPQ)","type": 3,"api": "csp_xBPQ","searchable": 1,"quickSearch": 1,"filterable": 0,
"ext": "{\"免嗅\":\"1\",
\"播放标题\":\">&&<\",
\"副标题\":\"class=\\\"module-item-note\\\">&&</div>\",  
\"线路数组\": \"class=\\\"module-tab-item tab-item&&</div>\",
\"线路标题\": \"<span>&&</span>[替换:多多广告>>极速秒播]\",

\"播放数组\":\"class=\\\"module-play-list-content  module-play-list-base&&</div>\",
\"播放标题\":\"<span>&&</span>\",

\"分类\":\"电视剧$21#动漫$22#电影$20#综艺$24#外国片$23#动画片$25\",
\"分类url\":\"http://www.blssv.com/index.php/vod/show/area/{area}/by/time/id/{cateId}/page/{catePg}/year/{year}.html\",



\"年份\":\"2000-2022\",
\"筛选\":\"1\"
}"
},  

{
"key": "csp_xBPQ_酷客影视",
"name": "酷客影视(XBPQ)",
"type": 3,
"api": "csp_xBPQ",
"searchable": 1,
"quickSearch": 1,
"filterable": 0,
"ext": "{
\"免嗅\":\"0\",
\"副标题\":\"class=\\\"pic-text text-right\\\">&&</span>\",

\"导演\": \"导演：&&</div\",
\"主演\": \"主演：&&</div\",
\"简介\": \"简介：&&</li>\",

\"播放标题\":\">&&<\",
\"播放数组\":\"class=\\\"stui-content__playlist clearfix&&</ul>\",
\"分类\":\"电视剧$2#动漫$4#电影$1#综艺$3\",
\"分类url\":\"http://www.2kuke.com/list/{cateId}_{catePg}.html\",
\"年份\":\"2000-2022\",
\"筛选\":\"1\"
}"},

{"key":"csp_xBPQ_ voflixHD","name":"voflixHD(XBPQ)","type":3,"api":"csp_xBPQ","searchable":1,"quickSearch":1,"filterable":0,"ext":"https://agit.ai/66666/mao/raw/branch/master/json/voflixHD.json"},

{"key": "csp_xBPQ_素白白","name": "素白白(XBPQ)","type": 3,"api": "csp_xBPQ","searchable": 1,"quickSearch": 1,"filterable": 1,"ext": "https://agit.ai/66666/mao/raw/branch/master/json/素白白.json"}, 
{
  "key": "csp_xb_jiumeng",
  "name": "旧梦影视(R)",
  "type": 3,
  "api": "csp_XBiu",
  "searchable": 1,
  "quickSearch": 1,
  "filterable": 0,
  "ext": "http://150.158.130.238:4433/index.php/vod/show/area/{area}/by/{by}/class/{class}/id/{cateId}/lang/{lang}/letter/{letter}/page/{catePg}/year/{year}.html","jar":"https://notabug.org/hongdeng98/XYZ/raw/main/jar/XBiu.jar"
 },

{"key": "csp_xBPQ_大米星球","name": "️大米星球(XBPQ)","type": 3,"api": "csp_xBPQ","searchable": 1,"quickSearch": 1,"filterable": 0,"ext": "{\"免嗅\":\"1\",\"副标题\":\"class=\\\"module-item-note\\\">&&</div>\",\"线路数组\": \"class=\\\"module-tab-item tab-item&&</div>\",\"线路标题\": \"<span>&&</small>\",\"播放标题\":\"<span>&&</span>\",\"播放数组\":\"class=\\\"module-play-list&&</div>\",\"分类\":\"电影$20#电视剧$21#综艺$22#动漫$23\",\"分类url\":\"https://www.dmxq.me/vodshow/{cateId}--------{catePg}---.html\",
\"年份\":\"1990-2022\",
\"筛选\":\"1\"}"},

{
    "key": "csp_xBPQ_牛马tv影视",
    "name": "牛马影视(XBPQ)",
    "type": 3,
    "api": "csp_xBPQ",
    "searchable": 1,
    "quickSearch": 1,
    "filterable": 0,
    "ext": "{
\"副标题\":\"class=\\\"pic-text text-right\\\">&&</span>\",



\"播放数组\":\"class=\\\"stui-content__playlist clearfix&&</ul>\",
\"播放标题\":\">&&<\",

\"线路数组\": \"class=\\\"more text-muted pull-right\\\">&&/h3>\",
\"线路标题\": \"\\\">&&<\",

\"分类\":\"国产剧(我)$guochanju#电视剧(❤️)$dianshiju#动漫(祖)$dongman#电影(国)$dianying#综艺(🇨🇳)$zongyi\",

\"分类url\":\"https://www.niumatv.cc/vodshow/area/{area}/by/{by}/class/{class}/id/{cateId}/page/{catePg}/year/{year}.html\",
\"年份\":\"2000-2022\",
\"筛选\":\"1\"
}"},

 {
            "key":"csp_xBPQ_胖虎影视",
            "name":"️胖虎影视(XBPQ)",
            "type":3,
            "api":"csp_xBPQ",
            "searchable":1,
            "quickSearch":1,
            "filterable":0,
            "ext":"https://agit.ai/66666/mao/raw/branch/master/json/胖虎筛选.json"
        },

{
  "key": "csp_xb_COKEMV",
  "name": "COKEMV(R)",
  "type": 3,
  "api": "csp_XBiu",
  "searchable": 1,
  "quickSearch": 1,
  "filterable": 0,
  "ext": "https://cokemv.me/vodshow/{cateId}-{area}---{lang}----{catePg}---{year}.html","jar":"https://notabug.org/hongdeng98/XYZ/raw/main/jar/XBiu.jar"
 },

{
      "key": "csp_xBPQ_98影院",
      "name": "98影院(XBPQ) ",
      "type": 3,
      "api": "csp_xBPQ",
      "searchable": 1,
      "quickSearch": 1,
      "filterable": 0,
      "ext": "{\"免嗅\":\"0\",\"副标题\":\"right\\\">&&</span>\",\"播放标题\":\">&&</a>\",\"播放数组\":\"<ul class=\\\"stui-content__playlist&&</ul>\",\"线路数组\": \"<img src=&&/h3>\",\"线路标题\": \">&&<\",\"分类url\":\"http://www.98ju.com/{cateId}/index{catePg}.html[http://www.98ju.com/{cateId}/index.html]\",\"分类\":\"电影$dianyingpian#电视剧$dianshiju#综艺$zongyi#动漫$dongman\",\"类型\":\"dianyingpian--动作片$dongzuopian#爱情片$aiqingpian#科幻片$kehuanpian#恐怖片$kongbupian#战争片$zhanzhengpian#喜剧片$xijupian#纪录片$jilupian#剧情片$juqingpian||dianshiju--国产剧$guochanju#港台剧$gangtaiju#日韩剧$rihanju#欧美剧$oumeiju]\",\"地区\":\"0\",\"剧情\":\"0\",\"年份\":\"0\",\"排序\":\"0\",\"筛选\":\"1\"}","jar":"https://agit.ai/66666/mao/raw/branch/master/jar/19.jar"
    },

{
  "key": "csp_xb_lgyy",
  "name": "蓝光影院(R)",
  "type": 3,
  "api": "csp_XBiu",
  "searchable": 1,
  "quickSearch": 1,
  "filterable": 0,
  "ext": "https://lgyy.tv/vodshow/{cateId}--------{catePg}---.html","jar":"https://notabug.org/hongdeng98/XYZ/raw/main/jar/XBiu.jar"
 },

{
  "key": "csp_xb_ybkk",
  "name": "云播看看(R)",
  "type": 3,
  "api": "csp_XBiu",
  "searchable": 1,
  "quickSearch": 1,
  "filterable": 0,
  "ext": "https://www.135kan.com/type/{cateId}-{catePg}/","jar":"https://notabug.org/hongdeng98/XYZ/raw/main/jar/XBiu.jar"
 },

{
  "key": "csp_xb_juhe",
  "name": "聚合影视(R)",
  "type": 3,
  "api": "csp_XBiu",
  "searchable": 1,
  "quickSearch": 1,
  "filterable": 0,
  "ext": "https://fositv.com/vodshow/{cateId}-{area}-{by}------{catePg}---{year}.html","jar":"https://notabug.org/hongdeng98/XYZ/raw/main/jar/XBiu.jar"
 },

{
  "key": "csp_xb_shdy",
  "name": "骚火电影(R)",
  "type": 3,
  "api": "csp_XBiu",
  "searchable": 1,
  "quickSearch": 1,
  "filterable": 0,
  "ext": "https://shdy2.com/list/{cateId}-{catePg}.html","jar":"https://notabug.org/hongdeng98/XYZ/raw/main/jar/XBiu.jar"
 },

{
  "key": "csp_xb_23ys",
  "name": "23影视(R)",
  "type": 3,
  "api": "csp_XBiu",
  "searchable": 1,
  "quickSearch": 1,
  "filterable": 0,
  "ext": "https://www.23wm.net/vodshow/area/{area}/id/{cateId}/page/{catePg}/year/{year}.html","jar":"https://notabug.org/hongdeng98/XYZ/raw/main/jar/XBiu.jar"
 },

   {
  "key": "csp_xb_dym",
  "name": "电影猫(R)",
  "type": 3,
  "api": "csp_XBiu",
  "searchable": 1,
  "quickSearch": 1,
  "filterable": 0,
  "ext": "https://www.dym8.com/vod/type/{cateId}-{catePg}.html","jar":"https://notabug.org/hongdeng98/XYZ/raw/main/jar/XBiu.jar"},

        {
  "key": "csp_xb_543ys",
  "name": "543影视(R)",
  "type": 3,
  "api": "csp_XBiu",
  "searchable": 1,
  "quickSearch": 1,
  "filterable": 0,
  "ext": "  http://543mv.com/vodshow/{cateId}--------{catePg}---/","jar": "https://notabug.org/hongdeng98/XYZ/raw/main/jar/XBiu.jar"},

{
  "key": "csp_xb_aowu",
  "name": "嗷呜影视(R)",
  "type": 3,
  "api": "csp_XBiu",
  "searchable": 1,
  "quickSearch": 1,
  "filterable": 0,
  "ext": "http://www.cx99999.cn/vodshow/{cateId}-{area}-{by}-{class}-{lang}----{catePg}---{year}.html","jar":"https://notabug.org/hongdeng98/XYZ/raw/main/jar/XBiu.jar"
 },

{
  "key": "csp_xb_aiku",
  "name": "爱酷影视(R)",
  "type": 3,
  "api": "csp_XBiu",
  "searchable": 1,
  "quickSearch": 1,
  "filterable": 0,
  "ext": "https://www.zhanlangbu.com/index.php/vod/type/id/{cateId}.html","jar":"https://notabug.org/hongdeng98/XYZ/raw/main/jar/XBiu.jar"
 },

 

{"key":"csp_cBq_工厂","name":"影视工厂(XBPQ)","type":3,"api":"csp_xBPQ","searchable":1,"quickSearch":1,"filterable":0,"ext":"{\"免嗅\":\"1\",\"副标题\":\"class=\\\"handle-btn-name\\\">&&</span>\",\"导演\":\"导演：&&</div\",\"主演\":\"主演：&&</div\",\"简介\":\"简介：&&</li>\",\"播放标题\":\">&&<\",\"播放数组\":\"class=\\\"myui-content__list&&</ul>\",\"分类\":\"电视剧$2#动漫$4#电影$1#综艺$3#国产剧$13#港台剧$14\",\"分类url\":\"http://www.ysgc.cc/vodshow/{cateId}--------{catePg}---.html\", \"年份\":\"1990-2022\",
\"筛选\":\"1\"}"},

{"key": "csp_xBPQ_花猫","name": "️花猫tv(XBPQ)","type": 3,"api": "csp_xBPQ","searchable": 1,"quickSearch": 0,"filterable": 0,"ext": "{\"副标题\":\"class=\\\"pic-text\\\">&&</span>\",\"线路数组\": \"/span><h3 class=\\\"title&&/h3>\",
\"线路标题\": \">&&<\",\"播放标题\":\">&&<\",\"播放数组\":\"class=\\\"stui-content__playlist&&</div>\",\"分类url\":\"http://www.huamaotv.com/type/{cateId}-{catePg}.html\",
\"年份\":\"1990-2022\",
\"筛选\":\"1\"}"},

{
"key": "csp_xBPQ_6度影视",
"name": "6度影视(XBPQ)",
"type": 3,
"api": "csp_xBPQ",
"searchable": 1,
"quickSearch": 1,
"filterable": 0,
"ext": "https://agit.ai/66666/mao/raw/branch/master/json/六度TV.json"},

{
"key": "csp_xBPQ_UM影院",
"name": "UM影院(XBPQ)",
"type": 3,
"api": "csp_xBPQ",
"searchable": 1,
"quickSearch": 1,
"filterable": 0,
"ext": "https://agit.ai/66666/mao/raw/branch/master/json/UM影院.json"},

 {"key": "csp_xBPQ_动视影视","name": "动视影视(XBPQ)","type": 3,"api": "csp_xBPQ","searchable": 1,"quickSearch": 1,"filterable": 0,"ext": "https://agit.ai/66666/mao/raw/branch/master/json/动视影视.json"}, 
 {"key": "csp_xBPQ_干饭影视","name": "️干饭影视(XBPQ)","type": 3,"api": "csp_xBPQ","searchable": 1,"quickSearch": 1,"filterable": 0,"ext": "{\"免嗅\":\"1\",\"播放标题\":\">&&<\",\"播放数组\":\"class=\\\"stui-content__playlist&&</div>\",\"分类url\":\"https://www.gfysys1.com/vodshow/{cateId}--------{catePg}---.html\"}"},
 {
      "key": "csp_xBPQ_番茄",
      "name": "番茄影视(XBPQ)",
      "type": 3,
      "api": "csp_xBPQ",
      "searchable": 1,
      "quickSearch": 1,
      "filterable": 0,
      "ext": "{
\"免嗅\":\"1\",
 \"播放标题\":\">&&<\",
\"导演\": \"导演：&&</div\",
\"主演\": \"主演：&&</div\",
\"简介\": \"module-info-introduction-content&&</div>\",
\"副标题\":\"class=\\\"module-item-note\\\">&&</div>\",
\"线路数组\": \"class=\\\"module-tab-item tab-item&&</div>\",
\"线路标题\": \"<span>&&</span>\",
\"播放数组\":\"class=\\\"hl-plays-list&&</div>\",
\"分类\":\"电影$1#电视剧$2#综艺$3#动漫$4#纪录片$5\",
\"分类url\":\"https://www.tjomet.com/vodshow/{cateId}{catelog}-{area}-{by}------{catePg}---{year}.html\"}"
    },
     {"key": "csp_xBPQ_蓝光影视","name": "蓝光影视(XBPQ)","type": 3,"api": "csp_xBPQ","searchable": 1,"quickSearch": 1,"filterable": 0,"ext": "{\"免嗅\":\"1\",\"播放标题\":\"span>&&<\",\"播放数组\":\"class=\\\"module-play-list&&</div>\",\"分类url\":\"https://www.lgyy.cc/vodtype/{cateId}/page/{catePg}---.html\"}"},{"key": "csp_xBPQ_荐片","name": "荐片影视(XBPQ)","type": 3,"api": "csp_xBPQ","searchable": 1,"quickSearch": 1,"filterable": 0,"ext": "{\"免嗅\":\"1\",\"播放标题\":\"span>&&<\",\"副标题\":\"class=\\\"module-item-note\\\">&&</div>\",\"线路数组\": \"class=\\\"module-tab-item tab-item&&</div>\",\"线路标题\": \"<span>&&</span>\",\"播放数组\":\"class=\\\"module-play-list&&</div>\",\"分类url\":\"http://www.jpys.me/vodshow/{cateId}-{area}-{by}-{class}-{lang}----{catePg}---{year}.html\"}"},

{"key": "csp_xBPQ_磁搜","name": "磁搜影视(XBPQ)","type": 3,"api": "csp_xBPQ","searchable": 1,"quickSearch": 1,"filterable": 0,"ext": "{\"免嗅\":\"1\",\"导演\": \"导演：&&</p\",
\"主演\": \"主演：&&</p\",
\"简介\": \"module-info-introduction-content&&</div>\",\"播放标题\":\"span>&&<\",\"副标题\":\"class=\\\"module-item-note\\\">&&</div>\",\"线路数组\": \"class=\\\"module-tab-item tab-item&&</div>\",\"线路标题\": \"<span>&&</span>\",\"播放数组\":\"class=\\\"module-play-list&&</div>\",\"分类url\":\"https://cokemv.me/vodshow/{cateId}-{area}-{by}-{class}-{lang}----{catePg}---{year}.html\", \"年份\":\"1990-2022\",
\"筛选\":\"1\"}"},

{"key": "csp_xBPQ","name": "️真不卡(XBPQ)","type": 3,"api": "csp_xBPQ","searchable": 1,"quickSearch": 1,"filterable": 0,"ext": "{\"免嗅\":\"1\",\"播放标题\":\">&&<\",\"导演\": \"导演：&&</div\",
\"主演\": \"主演：&&</div\",
\"简介\": \"module-info-introduction-content&&</div>\",\"播放数组\":\"class=\\\"stui-content__playlist&&</div>\",\"分类url\":\"https://www.zbkk.net/vodshow/{cateId}--------{catePg}---.html\", \"年份\":\"1990-2022\",
\"筛选\":\"1\"}"},

{
  "key": "csp_xb_luozhu",
  "name": "🐷乐猪(R)",
  "type": 3,
  "api": "csp_XBiu",
  "searchable": 1,
  "quickSearch": 1,
  "filterable": 0,
  "ext": "http://www.lezhutv.com/list/{cateId}_{catePg}__time_____.html","jar":"https://notabug.org/hongdeng98/XYZ/raw/main/jar/XBiu.jar"
 },

{
	"key": "csp_xb_shm",
	"name": "神马影视(R)",
	"type": 3,
	"api": "csp_XBiu",
	"searchable": 1,
	"quickSearch": 1,
	"filterable": 0,
	"ext": "https://www.smdyy.cc/show/{cateId}-{area}--{class}-----{catePg}---{year}.html","jar":"https://notabug.org/hongdeng98/XYZ/raw/main/jar/XBiu.jar"
},

{
  "key": "csp_xb_qsp",
  "name": "氢视频(R)",
  "type": 3,
  "api": "csp_XBiu",
  "searchable": 1,
  "quickSearch": 1,
  "filterable": 0,
  "ext": "http://h1080p.com/index.php/vod/show/by/{by}/id/{cateId}/page/{catePg}/year/{year}.html","jar":"https://notabug.org/hongdeng98/XYZ/raw/main/jar/XBiu.jar"
 },

{
  "key": "csp_xb_fg",
  "name": "疯狗影视(R)",
  "type": 3,
  "api": "csp_XBiu",
  "searchable": 1,
  "quickSearch": 1,
  "filterable": 0,
  "ext": "https://m.fenggoudy3.com/list-select-id-{cateId}-type--area--year--star--state--order-addtime-p-{catePg}.html","jar":"https://notabug.org/hongdeng98/XYZ/raw/main/jar/XBiu.jar"
 },

{
  "key": "csp_xb_huix",
  "name": "回响(R)",
  "type": 3,
  "api": "csp_XBiu",
  "searchable": 1,
  "quickSearch": 1,
  "filterable": 0,
  "ext": "http://hxys.tv/vodshow/{cateId}-{area}-------{catePg}---{year}.html","jar":"https://notabug.org/hongdeng98/XYZ/raw/main/jar/XBiu.jar"
 },

{
  "key": "csp_xb_aikan ",
  "name": "爱看影视(R)",
  "type": 3,
  "api": "csp_XBiu",
  "searchable": 1,
  "quickSearch": 1,
  "filterable": 0,
  "ext": "https://ikan6.vip/vodshow/{cateId}--------{catePg}---","jar":"https://notabug.org/hongdeng98/XYZ/raw/main/jar/XBiu.jar"
 },

{"key":"csp_xpath_007","name":"🔥零零柒(XP)","type":3,"api":"csp_XPathMacFilter","searchable":1,"quickSearch":1,"filterable":1,"ext":"https://gitee.com/alanchaotang/TangTV/raw/master/XB/007.json"},
{"key":"mtv_pc_小苹果源","name":"🔥小苹果源","type":3,"api":"csp_LiteApple"     ,"searchable":1,"quickSearch":1,"filterable":1},
{"key":"mtv_pc_利奥影视","name":"🔥利奥影视","type":3,"api":"csp_Lib"           ,"searchable":1,"quickSearch":1,"filterable":0},
{"key":"mtv_pc_焦炭影视","name":"🔥焦炭影视","type":3,"api":"csp_Cokemv"        ,"searchable":1,"quickSearch":1,"filterable":1},
{
		"key": "追剧喵",
		"name": "🐞追剧喵",
		"type": 3,
		"api": "csp_ZJMiao",
		"searchable": 1,
		"quickSearch": 1,
		"filterable": 1,"jar":"https://notabug.org/ygfxz/6/raw/main/xzy1029.jar"
	}, {
            "key": "555",
            "name": "555(爬虫)",
            "type": 3,
            "api": "csp_Dy555",
            "searchable": 1,
            "quickSearch": 1,
            "filterable": 1
        },
{
			"key": "csp_Tkys",
			"name": "天空影视",
			"type": 3,
			"api": "csp_Tkys",
			"searchable": 1,
			"quickSearch": 1,
			"filterable": 1},
     {"key":"csp_Alist","name":"Alist(不支持搜索)","type":3,"api":"csp_Alist","searchable":1,"quickSearch":1,"filterable":1,"ext":"http://刚刚.live/jar2/tvjs/alist.json"},



{
		"key": "KanSJ_spider",
		"name": "🛰️看视界",
		"api": "csp_KanSJ",
		"type": 3,
		"filterable": 1,
		"quickSearch": 1,
		"searchable": 1,
		"ext": ""
	}, 
    {"key":"csp_Yj1211","name":"📸直播合集","type":3,"api":"csp_Yj1211","searchable":1,"quickSearch":1,"filterable":1,"jar": "http://45.125.46.61/box/jar/777.png;md5;7B65FF61E7B6887F975D9D83909361D5"},
    {"key":"csp_BBB","name":"🌶️哔哩合集","type":3,"api":"csp_Bili","searchable":1,"quickSearch":0,"filterable":1,"ext":"clan://TVBox/Bilibili/哔哩合集.json","jar":"https://share.nite07.com/api/v3/file/source/35134/bili.jar?sign=nTzGbQOJCcAoewASB5Y1tylAJ5cBWdKI1-trIYbuSCw%3D%3A0"},
    {"key":"儿童","name":"🐯儿童乐园","type":3,"api":"csp_Bili","searchable":0,"quickSearch":0,"filterable":1,"ext":"https://gitcode.net/qq_26898231/TVBox/-/raw/main/Bili/%E5%84%BF%E7%AB%A5%E4%B9%90%E5%9B%AD.json"},
    //{"key":"学习","name":"📝学习园地","type":3,"api":"csp_Bili","searchable":0,"quickSearch":0,"filterable":1,"ext":"http://52bsj.vip:81/api/v3/file/get/17184/%E5%90%BE%E7%88%B1%E5%AD%A6%E5%A0%820804.json?sign=tIFLv7OTq_7DvYg02gbxCieEbGOTLSk1ckQ4QYCsFKA%3D%3A0"},
    {"key":"软件","name":"📚软件教程","type":3,"api":"csp_Bili","searchable":0,"quickSearch":0,"filterable":1,"ext":"clan://TVBox/Bilibili/软件教程.json","jar":"https://share.nite07.com/api/v3/file/source/35134/bili.jar?sign=nTzGbQOJCcAoewASB5Y1tylAJ5cBWdKI1-trIYbuSCw%3D%3A0"},
    {"key":"美食","name":"🍔美食合集","type":3,"api":"csp_Bili","searchable":0,"quickSearch":0,"filterable":1,"ext":"clan://TVBox/Bilibili/吾爱美食.json","jar":"https://share.nite07.com/api/v3/file/source/35134/bili.jar?sign=nTzGbQOJCcAoewASB5Y1tylAJ5cBWdKI1-trIYbuSCw%3D%3A0"},
    {"key":"音乐","name":"🎤音乐现场","type":3,"api":"csp_Bili","searchable":0,"quickSearch":0,"filterable":1,"ext":"clan://TVBox/Bilibili/吾爱演唱会.json","jar":"https://share.nite07.com/api/v3/file/source/35134/bili.jar?sign=nTzGbQOJCcAoewASB5Y1tylAJ5cBWdKI1-trIYbuSCw%3D%3A0"},
    {"key":"热舞","name":"💃女团热舞","type":3,"api":"csp_Bili","searchable":0,"quickSearch":0,"filterable":1,"ext":"clan://TVBox/Bilibili/吾爱舞蹈.json","jar":"https://share.nite07.com/api/v3/file/source/35134/bili.jar?sign=nTzGbQOJCcAoewASB5Y1tylAJ5cBWdKI1-trIYbuSCw%3D%3A0"},
    {"key":"戏曲","name":"👘戏曲合集","type":3,"api":"csp_Bili","searchable":0,"quickSearch":0,"filterable":1,"ext":"clan://TVBox/Bilibili/吾爱戏曲.json","jar":"https://share.nite07.com/api/v3/file/source/35134/bili.jar?sign=nTzGbQOJCcAoewASB5Y1tylAJ5cBWdKI1-trIYbuSCw%3D%3A0"},
    {"key":"csp_EEEDY","name":"❄3E飘花","type":3,"api":"csp_EEEDY","searchable":1,"quickSearch":1,"filterable":1}, 
           {
            "key": "知识",
            "name": "📖知识学堂(爬虫)",
            "type": 3,
            "api": "csp_Bili",
            "searchable": 1,
            "quickSearch": 1,
            "filterable": 1,
            "ext": "https://gitcode.net/kuukey/b/-/raw/master/6/xx1.json"
        },
        {
            "key": "儿童",
            "name": "📖儿童(爬虫)",
            "type": 3,
            "api": "csp_Bili",
            "searchable": 1,
            "quickSearch": 1,
            "filterable": 1,
            "ext": "https://gitcode.net/kuukey/b/-/raw/master/6/xx2.json"
        },
        {
            "key": "小学",
            "name": "📖小学(爬虫)",
            "type": 3,
            "api": "csp_Bili",
            "searchable": 1,
            "quickSearch": 1,
            "filterable": 1,
            "ext": "https://gitcode.net/kuukey/b/-/raw/master/6/xx3.json"
        },
        {
            "key": "初中",
            "name": "📖初中(爬虫)",
            "type": 3,
            "api": "csp_Bili",
            "searchable": 1,
            "quickSearch": 1,
            "filterable": 1,
            "ext": "https://gitcode.net/kuukey/b/-/raw/master/6/xx4.json"
        },
        {
            "key": "高中",
            "name": "📖高中(爬虫)",
            "type": 3,
            "api": "csp_Bili",
            "searchable": 1,
            "quickSearch": 1,
            "filterable": 1,
            "ext": "https://gitcode.net/kuukey/b/-/raw/master/6/xx5.json"
        },

    
    {"key":"csp_biubiu_饭团","name":"🍊饭团(xb)","type":3,"api":"csp_XBiubiu","searchable":1,"quickSearch":1,"filterable":0,"ext": "{\r\n  \"name\": \"饭团\",\r\n  \"url\": \"http://www.fantuantva.com/\",\r\n  //\"User\": \"User-Agent:Dart/2.14 (dart:io)\",\r\n  \"shouye\": \"1\",\r\n  \"fenlei\": \"电影$/t/dianying/page/#大陆剧$/t/lianxuju/page/#国产剧$/t/guochanju/page/#综艺$/t/zongyi/page/#动漫$/t/dongman/page/\",\r\n  \"houzhui\": \".html\",\r\n  \"shifouercijiequ\": \"0\",\r\n  \"jiequqian\": \"空\",\r\n  \"jiequhou\": \"空\",\r\n  \"jiequshuzuqian\": \"class=\\\"show_play\\\">\",\r\n  \"jiequshuzuhou\": \"</div>\",\r\n  \"tupianqian\": \"data-original=\\\"\",\r\n  \"tupianhou\": \"\\\"\",\r\n  \"biaotiqian\": \"title=\\\"\",\r\n  \"biaotihou\": \"\\\"\",\r\n  \"lianjieqian\": \"href=\\\"\",\r\n  \"lianjiehou\": \"\\\"\",\r\n  \"sousuoqian\": \"/index.php/ajax/suggest?mid=1&wd=\",\r\n  \"sousuohou\": \"&limit=500\",\r\n  \"sousuohouzhui\": \"/v/\",\r\n  \"ssmoshi\": \"0\",\r\n  \"sousuoshifouercijiequ\": \"0\",\r\n  \"jspic\": \"pic\",\r\n  \"jsname\": \"name\",\r\n  \"jsid\": \"id\",\r\n  \"ssjiequqian\": \"空\",\r\n  \"ssjiequhou\": \"空\",\r\n  \"ssjiequshuzuqian\": \"空\",\r\n  \"ssjiequshuzuhou\": \"空\",\r\n  \"sstupianqian\": \"空\",\r\n  \"sstupianhou\": \"空\",\r\n  \"ssbiaotiqian\": \"空\",\r\n  \"ssbiaotihou\": \"空\",\r\n  \"sslianjieqian\": \"空\",\r\n  \"sslianjiehou\": \"空\",\r\n  \"bfshifouercijiequ\": \"0\",\r\n  \"bfjiequqian\": \"空\",\r\n  \"bfjiequhou\": \"空\",\r\n  \"bfjiequshuzuqian\": \"class=\\\"con_c2_list\\\">\",\r\n  \"bfjiequshuzuhou\": \"</ul>\",\r\n  \"zhuangtaiqian\": \"class=\\\"tc_wz\\\">\",\r\n  \"zhuangtaihou\": \"</p>\",\r\n  \"daoyanqian\": \"导演：</span>\",\r\n  \"daoyanhou\": \"</p>\",\r\n  \"zhuyanqian\": \"主演：</span>\",\r\n  \"zhuyanhou\": \"</p>\",\r\n  \"juqingqian\": \"</span>\",\r\n  \"juqinghou\": \"</p>\",\r\n  \"bfyshifouercijiequ\": \"0\",\r\n  \"bfyjiequqian\": \"空\",\r\n  \"bfyjiequhou\": \"空\",\r\n  \"bfyjiequshuzuqian\": \"<a\",\r\n  \"bfyjiequshuzuhou\": \"/a>\",\r\n  \"bfbiaotiqian\": \">\",\r\n  \"bfbiaotihou\": \"<\",\r\n  \"bflianjieqian\": \"href=\\\"\",\r\n  \"bflianjiehou\": \"\\\"\"},\r\n" },
{"key":"360_spider","name":"🍎360影视","api":"csp_SP360","type":3,"filterable":1,"quickSearch":1,"searchable":1,"ext":""}, 
{"key": "csp_XYQBiu_🍉短视频","name":"聚合短视频(XYQ)","type":3,"api":"csp_XYQBiu","searchable":1,"quickSearch":1,"filterable":1,"ext":"clan://TVBox/MaooXB2/短视频.json"},
//{"key": "csp_xyqbiu_蛋蛋赞","name": "蛋蛋赞(XYQB)️","type": 3,"api": "csp_XYQBiu","searchable": 1,"quickSearch": 1,"filterable": 1,"ext": "https://agit.ai/66666/mao/raw/branch/master/json/蛋蛋赞.json"},
//{"key": "csp_xBPQ_凌云影视","name": "🍀凌云影视(xBPQ)","type": 3,"api": "csp_xBPQ","searchable": 1,"quickSearch": 1,"filterable": 0,"ext": "clan://TVBox/XBPQ/凌云影视.json"},
{"key": "csp_xBPQ_万能影院","name": "🍀万能影院(xBPQ)","type": 3,"api": "csp_xBPQ","searchable": 1,"quickSearch": 1,"filterable": 0,"ext": "clan://TVBox/XBPQ/万能影院.json"}, 
{"key":"csp_biubiu_cupfox","name":"🦊茶杯狐","type":3,"api":"csp_XBiubiu","searchable":1,"quickSearch":1,"filterable":0,"ext":"clan://TVBox/MaooXB2/cupfox.json"},

{"key":"csp_QQ","name":"🐧腾讯视频","type": 3,"api":"csp_QQ","searchable": 1,"quickSearch": 1,"filterable": 1},
{"key":"爱奇艺","name":"🥝爱奇艺","type":3,"api":"csp_IQIYI","quickSearch":1,"searchable":1,"filterable":1},
{"key":"csp_MGTV","name":"🥭芒果TV","type":3,"api":"csp_MGTV","searchable":1,"quickSearch":1,"filterable":1},
{
      "key": "youku",
      "name": "👑优酷（官）",
      "type": 0,
      "api": "https://www.zycaiji.net:7788/api.php/provide/vod/from/youku/at/xml/",
      "searchable": 0,
      "quickSearch": 0,
      "filterable": 0,
      "categories": [
        "综艺",
        "动漫",
        "动作片",
        "喜剧片",
        "爱情片",
        "科幻片",
        "恐怖片",
        "剧情片",
        "战争片",
        "国产剧",
        "港台剧",
        "日韩剧",
        "欧美剧",
        "惊悚片",
        "犯罪片",
        "冒险片",
        "悬疑片",
        "动画片",
        "武侠片",
        "奇幻片",
        "少儿",
        "其他片"
      ]
    },
    {
      "key": "PpTV",
      "name": "📺PPTV（官）",
      "type": 0,
      "api": "https://www.zycaiji.net:7788/api.php/provide/vod/from/pptv/at/xml/",
      "searchable": 0,
      "quickSearch": 0,
      "filterable": 0,
      "categories": [
        "综艺",
        "动漫",
        "动作片",
        "喜剧片",
        "爱情片",
        "科幻片",
        "恐怖片",
        "剧情片",
        "战争片",
        "国产剧",
        "港台剧",
        "日韩剧",
        "欧美剧",
        "惊悚片",
        "犯罪片",
        "冒险片",
        "悬疑片",
        "动画片",
        "武侠片",
        "少儿",
        "其他片"
      ]
    },
    {
      "key": "souhu",
      "name": "🐠搜狐（官）",
      "type": 0,
      "api": "https://www.bajiezy.xyz/api.php/provide/vod/from/sohu/at/xml/",
      "searchable": 0,
      "quickSearch": 0,
      "filterable": 0,
      "categories": [
        "综艺",
        "动漫",
        "动作片",
        "喜剧片",
        "爱情片",
        "科幻片",
        "恐怖片",
        "剧情片",
        "战争片",
        "国产剧",
        "港台剧",
        "日韩剧",
        "欧美剧",
        "惊悚片",
        "犯罪片",
        "悬疑片",
        "动画片",
        "武侠片",
        "奇幻片",
        "少儿",
        "其他片"
      ]
    }, 
{"key":"csp_Lib","name": "🔥LIBvio","type": 3,"api": "csp_Lib","searchable": 1,"quickSearch": 1,"filterable": 1},
{"key":"mtv_pc_奥特影视","name":"🔥奥特影视","type":3,"api":"csp_Auete"         ,"searchable":1,"quickSearch":1,"filterable":1},
 {"key":"csp_Wmkk","name":"🔥完美看看(SP)","api":"csp_Wmkk","type":3,"filterable":1,"quickSearch":1,"searchable":1},
{"key":"mtv_pc_三亿影视","name":"🔥三亿影视","type":3,"api":"csp_EEEDY"         ,"searchable":1,"quickSearch":1,"filterable":1}, 
{"key":"mtv_pc_乐猪影视","name":"🔥乐猪影视","type":3,"api":"csp_Lezhu"         ,"filterable":1,"quickSearch":1,"searchable":1}, 
{"key":"mtv_pc_低端影视","name":"🔥低端影视","type":3,"api":"csp_Ddrk"          ,"searchable":1,"quickSearch":1,"filterable":0},
{"key":"mtv_pc_小熊影视","name":"🔥小熊影视","type":3,"api":"csp_Xxys"          ,"searchable":1,"quickSearch":1,"filterable":1}, 
{"key":"mtv_pc_两个磁力","name":"🔥两个磁力","type":3,"api":"csp_Bttoo"         ,"searchable":1,"quickSearch":1,"filterable":1},
{"key":"mtv_pc_官方资源","name":"🔥官方资源","type":3,"api":"csp_SP360"         ,"searchable":1,"quickSearch":1,"filterable":1}


],

//解析接口

"parses":[
{"name":"聚合01","type":3,"url":"Demo"},
{"name":"并发02","type":2,"url":"Parallel"},
{"name":"轮询03","type":2,"url":"Sequence"},

  {"name": "Q1解析","type": 1,"url": "https://parse.ikunfk.cc/parse/sign/74e860ee6889f03cae108d6c228aa725?url=","header": {"User-Agent": "Mozilla/5.0"}},
{"name": "Q1官解","type": 1,"url": "https://parse.ikunfk.cc/parse/sign/20230117?url=","header": {"User-Agent": "Mozilla/5.0"}},
{"name": "星辰云解析","type": 1,"url": "https://json.xn--9kq078cdn3a.cc/api/?key=22ea7ae4746073f5ea13e9079c024c7d&url=","header": {"User-Agent": "Mozilla/5.0"}},
{"name": "刚刚走过","type": 1,"url": "http://jx.fuqizhishi.com:63/API.php?appkey=feimao&url=","header": {"User-Agent": "Mozilla/5.0"}},
{"name": "云星解析","type": 1,"url": "https://chaloli.cn/api/?key=454af70ae4c2f8369527a16413ed27ba&url=","header": {"User-Agent": "Mozilla/5.0"}},
{"name": "风起兖州","type": 0,"url": "http://jx.gbxy.net.cn/?url="},
{"name":"bozrc","type":0,"url":"https://jx.bozrc.com:4433/player/?url=","ext":{"flag":["qq","腾讯","qiyi","爱奇艺","奇艺","youku","优酷","mgtv","芒果","letv","leshi","LS","pptv","PPTV","sohu","bilibili","哔哩哔哩","哔哩"],"header":{"User-Agent":""}}},
{"name":"rx2","type":1,"url":"http://rxjx.kuanjv.com/allm3u8.php?url="}
],
"flags": ["youku","qq","iqiyi","qiyi","letv","sohu","tudou","pptv","mgtv","wasu","bilibili","duoduozy","renrenmi"],

//jar+壁纸

//"spider": "https://share.nite07.com/api/v3/file/source/29408/XZT.jar?sign=Iw9oAbcGUv3c9fRbR2vWCCJ6cNvj2w1aBktcpE_BPa8%3D%3A0","wallpaper":"https://tool.weetai.cn/api",
"spider":"clan://TVBox/jar/xzy1029.jar",
//电视直播

"lives": [{"group": "redirect","channels": [{"name": "redirect","urls": ["proxy://do=live&type=txt&ext=aHR0cHM6Ly9hZ2l0LmFpLzY2NjY2L21hby9yYXcvYnJhbmNoL21hc3Rlci9saXZlMjAyMjA4MTMudHh0"]}]}],

//解码模式

"ijk":[{"group":"软解码","options":[{"category":4,"name":"opensles","value":"0"},{"category":1,"name":"fflags","value":"fastseek"},{"category":4,"name":"framedrop","value":"1"},
{"category":4,"name":"enable-accurate-seek","value":"0"},{"category":4,"name":"start-on-prepared","value":"1"},{"category":1,"name":"http-detect-range-support","value":"0"},
{"category":4,"name":"mediacodec-handle-resolution-change","value":"0"},{"category":2,"name":"skip_loop_filter","value":"48"},{"category":4,"name":"reconnect","value":"1"},
{"category":4,"name":"overlay-format","value":"842225234"},{"category":4,"name":"mediacodec","value":"0"},{"category":4,"name":"mediacodec-auto-rotate","value":"0"},
{"category":4,"name":"soundtouch","value":"1"},{"category":4,"name":"mediacodec-hevc","value":"0"},{"category":1,"name":"dns_cache_timeout","value":"600000000"}]},
{"group":"硬解码","options":[{"category":4,"name":"opensles","value":"0"},{"category":1,"name":"fflags","value":"fastseek"},{"category":4,"name":"framedrop","value":"1"},
{"category":4,"name":"enable-accurate-seek","value":"0"},{"category":4,"name":"start-on-prepared","value":"1"},{"category":1,"name":"http-detect-range-support","value":"0"},
{"category":4,"name":"mediacodec-handle-resolution-change","value":"1"},{"category":2,"name":"skip_loop_filter","value":"48"},{"category":4,"name":"reconnect","value":"1"},
{"category":4,"name":"overlay-format","value":"842225234"},{"category":4,"name":"mediacodec","value":"1"},{"category":4,"name":"mediacodec-auto-rotate","value":"1"},
{"category":4,"name":"soundtouch","value":"1"},{"category":4,"name":"mediacodec-hevc","value":"1"},{"category":1,"name":"dns_cache_timeout","value":"600000000"}]}],

//广告过滤

"ads":["mimg.0c1q0l.cn","www.googletagmanager.com","www.google-analytics.com","mc.usihnbcq.cn","mg.g1mm3d.cn","mscs.svaeuzh.cn","cnzz.hhttm.top","tp.vinuxhome.com",
"cnzz.mmstat.com","www.baihuillq.com","s23.cnzz.com","z3.cnzz.com","c.cnzz.com","stj.v1vo.top","z12.cnzz.com","img.mosflower.cn","tips.gamevvip.com","ehwe.yhdtns.com",
"xdn.cqqc3.com","www.jixunkyy.cn","sp.chemacid.cn","hm.baidu.com","s9.cnzz.com","z6.cnzz.com","um.cavuc.com","mav.mavuz.com","wofwk.aoidf3.com","z5.cnzz.com",
"xc.hubeijieshikj.cn","tj.tianwenhu.com","xg.gars57.cn","k.jinxiuzhilv.com","cdn.bootcss.com","ppl.xunzhuo123.com","xomk.jiangjunmh.top","img.xunzhuo123.com","z1.cnzz.com",
"s13.cnzz.com","xg.huataisangao.cn","z7.cnzz.com","xg.huataisangao.cn","z2.cnzz.com","s96.cnzz.com","q11.cnzz.com","thy.dacedsfa.cn","xg.whsbpw.cn","s19.cnzz.com",
"z8.cnzz.com","s4.cnzz.com","f5w.as12df.top","ae01.alicdn.com","www.92424.cn","k.wudejia.com","vivovip.mmszxc.top","qiu.xixiqiu.com","cdnjs.hnfenxun.com","cms.qdwght.com"]}