{
"sites": [
{"key":"csp_Kunyu77","name":"🌤酷云七七","type":3,"api":"csp_Kunyu77","searchable":1,"quickSearch":1,"filterable":1},

{"key":"csp_Kuaikan","name":"👀快看影视","type":3,"api":"csp_Kuaikan","searchable":1,"quickSearch":1,"filterable":1},
//{"key":"csp_ZJMiao","name":"🐱追剧喵","type":3,"api":"csp_ZJMiao","searchable":1,"quickSearch":1,"filterable":1},
{"key":"csp_EEEDY","name":"❄3E飘花","type":3,"api":"csp_EEEDY","searchable":1,"quickSearch":1,"filterable":1},
{"key":"csp_DiDuan" ,"name":"♻️低端影视","type":3,"api":"csp_Ddrk","searchable":1,"quickSearch":1,"filterable":0},
{"key":"csp_SP360","name":"💫360影视","api":"csp_SP360","type":3,"filterable":1,"quickSearch":1,"searchable":1,"ext":""},
//{"key":"csp_Mjxq","name":"🌏美剧星球","type":3,"api":"csp_Mjxq","searchable":1,"quickSearch":1,"filterable":1},
{"key":"csp_LiteApple","name":"🍎小苹果","type":3,"api":"csp_LiteApple","searchable":1,"quickSearch":1,"filterable":1},
{"key":"csp_Bdys01","name":"📯哔嘀影视","type":3,"api":"csp_Bdys01","searchable":1,"quickSearch":1,"filterable":1},
{"key":"Lezhu_spider","name":"🦉乐猪影视","api": "csp_Lezhu","type": 3,"filterable": 1,"quickSearch": 1,"searchable": 1}, 
//{"key":"csp_SP293","name":"🌊293视频","type":3,"api":"csp_SP293","searchable":1,"quickSearch":1,"filterable":1},
//{"key":"csp_KanSJ","name":"🗺看视界","api":"csp_KanSJ","type":3,"filterable":1,"quickSearch":1,"searchable":1,"ext":""},
//{"key":"csp_Smdyy","name":"🦄神马影院","type":3,"api":"csp_Smdyy","searchable":1,"quickSearch":1,"filterable":1},
//{"key":"csp_Xxys","name":"🐨小熊TV","type":3,"api":"csp_Xxys","searchable":1,"quickSearch":1,"filterable":1},

{"key":"csp_xml_搬运工","name":"🐝搬运工资源","type":1,"api":"https://cj.banyung.xyz/","playUrl":"","searchable":1,"quickSearch":1,"filterable":0,"categories":["综艺","动漫","纪录","动作片","喜剧片","爱情片","科幻片","剧情片","悬疑片","惊悚片","恐怖片","犯罪片","冒险片","奇幻片","灾难片","战争片","动画片","歌舞片","历史片","传记片","其他片","国产剧","港台剧","日韩剧","欧美剧","海外剧","其他剧"]},
{"key":"csp_xbb_影视工厂","name":"🍀影视工厂","type":3,"api":"csp_XBiubiu","searchable":1,"quickSearch":1,"filterable":0,"ext":"https://raw.iqiq.io/liu673cn/box/main/sub/MeowXB/影视工厂.json"},
{"key":"csp_xbb_555电影","name":"🍀555影视","type":3,"api":"csp_XBiubiu","searchable":1,"quickSearch":1,"filterable":0,"ext":"https://raw.iqiq.io/liu673cn/box/main/sub/MeowXB/555电影.json"},
{"key":"csp_xp_libv","name":"💢Libvio","type":3,"api":"csp_XPathMacFilter","searchable":1,"quickSearch":1,"filterable":1,"ext":"https://raw.iqiq.io/liu673cn/box/main/sub/MeowXP/libv.json"},
{"key":"csp_xp_zxzj2","name":"💢在线之家","type":3,"api":"csp_XPathFilter","searchable":1,"quickSearch":1,"filterable":1,"ext":"https://raw.iqiq.io/liu673cn/box/main/sub/MeowXP/zxzj2.json"},
{"key":"csp_xp_cokemv","name":"💢Cokemv","type":3,"api":"csp_XPathFilter","searchable":1,"quickSearch":1,"filterable":1,"ext":"https://raw.iqiq.io/liu673cn/box/main/sub/MeowXP/cokemv.json"},
{"key":"csp_xp_wmkankan","name":"💢完美看看","type":3,"api":"csp_XPathMacFilter","searchable":1,"quickSearch":1,"filterable":1,"ext":"https://raw.iqiq.io/liu673cn/box/main/sub/MeowXP/wmkankan.json"},
{"key":"csp_xp_bttwoo","name":"💢两个BT","type":3,"api":"csp_XPath","searchable":0,"quickSearch":0,"filterable":0,"ext":"https://raw.iqiq.io/liu673cn/box/main/sub/MeowXP/bttwoo.json"},
{"key":"csp_xp_juhuang","name":"💢剧荒TV","type":3,"api":"csp_XPathMac","searchable":1,"quickSearch":1,"filterable":0,"ext":"https://raw.iqiq.io/liu673cn/box/main/sub/MeowXP/juhuang.json"},   
{"key":"csp_QQ","name":"🍅腾讯视频(官)","type":3,"api":"csp_QQ","searchable":1,"quickSearch":1,"filterable":1,"jar":"https://raw.iqiq.io/liu673cn/box/main/sub/ext/qq_qiyi_mgtv.jpg"},
{"key":"csp_IQIYI","name":"🥝爱奇艺(官)","type":3,"api":"csp_IQIYI","searchable":1,"quickSearch":1,"filterable":1,"jar":"https://raw.iqiq.io/liu673cn/box/main/sub/ext/qq_qiyi_mgtv.jpg"},
{"key":"csp_MGTV","name":"🍋芒果TV(官)","type":3,"api":"csp_MGTV","searchable":1,"quickSearch":1,"filterable":1,"jar":"https://raw.iqiq.io/liu673cn/box/main/sub/ext/qq_qiyi_mgtv.jpg"},
{"key":"t4_公共","name":"📡公共(T4)","type":4,"api":"https://t4.secan.icu/vod?sites=all&ali_token=阿里token&timeout=10","searchable":1,"quickSearch":1,"filterable":0},
{"key":"t4_搜片","name":"📡搜片(T4)","type": 4,"api": "https://t4.secan.icu/vod?sites=all&timeout=7","searchable": 1,"quickSearch": 1,"filterable": 1},
{"key":"t4_合集","name":"📡合集(T4)","type":4,"api":"https://t4.secan.icu/vod?sites=all&ali_token=4acb3ad2f2254ba1b566279f7cd98ba3&timeout=10",  "searchable": 1,"quickSearch":1,"filterable":0},
{"key":"t4_聚合","name":"📡聚合(T4)","type":4,"api":"https://t4.secan.icu/vod?sites=all&ali_token=4acb3ad2f2254ba1b566279f7cd98ba3&timeout=5","searchable":1,"quickSearch":1,"filterable":1},
{"key":"csp_Gitcafe","name":"📜小纸条(云盘)","type":3,"api":"csp_Gitcafe","searchable":1,"quickSearch":1,"filterable":0,"ext": "clan://TVBox/jar/alitoken.txt","jar": "clan://TVBox/jar/ali刷新.jar"},
{"key": "紙條","name": "📜纸条 | 搜索","type": 3,"api": "csp_Paper","searchable": 1,"filterable": 1,"switchable": 0,"ext": "clan://TVBox/jar/alitoken.txt","jar": "clan://TVBox/jar/fm.jar"},
{"key": "易搜","name": "😹易搜┃搜索","type": 3,"api": "csp_YiSo","searchable": 1,"filterable": 0,"switchable": 0,"ext": "clan://TVBox/jar/alitoken.txt","jar": "clan://TVBox/jar/fm.jar"},
{"key": "盤搜","name": "😻盘搜 | 搜索","type": 3,"api": "csp_PanSou","searchable": 1,"filterable": 0,"switchable": 0,"ext": "clan://TVBox/jar/alitoken.txt","jar": "clan://TVBox/jar/fm.jar"},
{"key": "UP雲搜","name": "😻Up云搜┃搜索","type": 3,"api": "csp_UpYun","searchable": 1,"filterable": 0,"switchable": 0,"ext": "clan://TVBox/jar/alitoken.txt","jar": "clan://TVBox/jar/fm.jar"},
{"key": "找資源","name": "😺找资源 | 搜索","type": 3,"api": "csp_Zhaozy","searchable": 1,"filterable": 0,"switchable": 0,"ext": "clan://TVBox/jar/alitoken.txt$$$yingshi$$$abcd1234","jar": "clan://TVBox/jar/fm.jar"},
{"key": "push_agent","name": "🐱推送(阿里推送/磁力推送)","type": 3,"api": "csp_Push","searchable": 1,"filterable": 0,"switchable": 0,"ext": "clan://TVBox/jar/alitoken.txt","jar": "clan://TVBox/jar/fm.jar"},
{"key":"csp_Bili合集","name":" 🅱哔哩哔哩","type": 3,"api": "csp_Bili","searchable":1,"quickSearch":1,"filterable":1,"ext":"https://raw.iqiq.io/liu673cn/box/main/sub/ext/B站.txt"},
{"key":"csp_Bili演唱会","name":"🎸演唱会","type":3,"api":"csp_Bili","searchable":1,"quickSearch":1,"filterable":1,"ext":"https://raw.iqiq.io/liu673cn/box/main/sub/ext/演唱会.txt"},
{"key":"csp_Bili歌曲","name":"📺歌曲MV","type":3,"api":"csp_Bili","searchable":0,"quickSearch":0,"filterable":1, "ext":"https://raw.iqiq.io/liu673cn/box/main/sub/ext/歌曲.txt"},
{"key":"csp_Bili热舞","name":"💃女团热舞","type":3,"api":"csp_Bili","searchable":0,"quickSearch":0,"filterable":1,"ext":"https://raw.iqiq.io/liu673cn/box/main/sub/ext/女团.txt"},
{"key":"csp_Bili相声","name":"🏮相声小品","type":3,"api":"csp_Bili","searchable":1,"quickSearch":1,"filterable":1,"ext":"https://raw.iqiq.io/liu673cn/box/main/sub/ext/相声.txt"},
{"key":"csp_Bili戏曲","name":"🎈国粹戏曲","type":3,"api":"csp_Bili","searchable":1,"quickSearch":1,"filterable":1,"ext":"https://raw.iqiq.io/liu673cn/box/main/sub/ext/戏曲.txt"},
{"key":"csp_xml_ck","name":"🎀CK资源","type":0,"api":"https://ckzy.me/api.php/provide/vod/at/xml/","searchable":1,"quickSearch":1,"filterable":0,"categories":["伦理片","动作片","喜剧片","爱情片","科幻片","恐怖片","剧情片","战争片","悬疑片","记录片","犯罪片","奇幻片","电视剧","国产剧","欧美剧","日韩剧","港台剧"]},
{"key":"csp_xbb_斗鱼","name":"🐟斗鱼直播","type":3,"api":"csp_XBiubiu","searchable":1,"quickSearch":1,"filterable":0,"ext":"https://raw.iqiq.io/liu673cn/box/main/sub/MeowXB/斗鱼.json"},
{"key":"csp_xp_huya","name":"🐯虎牙直播","type":3,"api":"csp_XPathMacFilter","searchable":1,"quickSearch":1,"filterable":1,"ext":"https://raw.iqiq.io/liu673cn/box/main/sub/MeowXP/虎牙.json"},
{"key":"csp_xp_酷奇mv","name":"🎸酷奇MV","type":3,"api":"csp_XPath","searchable":0,"quickSearch":0,"filterable":0,"ext":"https://raw.iqiq.io/liu673cn/box/main/sub/MeowXP/酷奇MV.json"},
{"key":"csp_QB_17kan","name":"⚽17看球","type":3,"api":"csp_XYQBiu","searchable":0,"quickSearch":0,"filterable":0,"ext":"https://raw.iqiq.io/liu673cn/box/main/sub/ext/17看球.json"},
{"key":"csp_xp_球迷直播","name":"🏀dj看球","type":3,"api":"csp_XPathFilter","searchable":1,"quickSearch":1,"filterable":1,"ext":"https://raw.iqiq.io/liu673cn/box/main/sub/ext/dj看球.json"},
{"key":"csp_xp_meiju56","name":"💢美剧网","type":3,"api":"csp_XPathFilter","searchable":1,"quickSearch":1,"filterable":1,"ext":"https://raw.iqiq.io/liu673cn/box/main/sub/MeowXP/meiju562.json"},
{"key":"csp_app_美剧范","name":"🐌美剧范(v2)","type":3,"api":"csp_AppYsV2","searchable":1,"quickSearch":1,"filterable":1,"ext":"http://ttzmz.net/api.php/v1.vod"},
{"key":"csp_xbb_美剧虫","name":"🍀美剧虫","type":3,"api":"csp_XBiubiu","searchable":1,"quickSearch":1,"filterable":0,"ext":"https://raw.iqiq.io/liu673cn/box/main/sub/MeowXB/美剧虫.json"},
{"key":"csp_xbb_akmeiju","name":"🍀爱看美剧","type":3,"api":"csp_XBiubiu","searchable":1,"quickSearch":1,"filterable":0,"ext":"https://raw.iqiq.io/liu673cn/box/main/sub/MeowXB/akmeiju.json"},
{"key":"csp_xbb_搜狗影院","name":"🍀搜狗影院","type":3,"api":"csp_XBiubiu","searchable":1,"quickSearch":1,"filterable":0,"ext":"https://raw.iqiq.io/liu673cn/box/main/sub/MeowXB/搜狗影院.json"},
{"key":"csp_xbb_影视之光","name":"🍀影视之光","type":3,"api":"csp_XBiubiu","searchable":1,"quickSearch":1,"filterable":0,"ext":"https://raw.iqiq.io/liu673cn/box/main/sub/MeowXB/影视之光.json"},
{"key":"csp_xbb_酷云影院","name":"🍀酷云影院","type":3,"api":"csp_XBiubiu","searchable":1,"quickSearch":1,"filterable":0,"ext":"https://raw.iqiq.io/liu673cn/box/main/sub/MeowXB/酷云影院.json"},
{"key":"csp_xbb_茶杯狐","name":"🍀茶杯狐","type":3,"api":"csp_XBiubiu","searchable":1,"quickSearch":1,"filterable":0,"ext":"https://raw.iqiq.io/liu673cn/box/main/sub/MeowXB/茶杯狐.json"},
{"key":"csp_xbb_sobods","name":"🍀真不卡sobods","type":3,"api":"csp_XBiubiu","searchable":1,"quickSearch":1,"filterable":0,"ext":"https://raw.iqiq.io/liu673cn/box/main/sub/MeowXB/真不卡sobods.json"},
{"key":"csp_xbb_zbkyy2","name":"🍀真不卡影院","type":3,"api":"csp_XBiubiu","searchable":1,"quickSearch":1,"filterable":0,"ext":"https://raw.iqiq.io/liu673cn/box/main/sub/MeowXB/真不卡zbkyy2.json"},
{"key":"csp_xbb_饭团HD","name":"🍀饭团HD","type":3,"api":"csp_XBiubiu","searchable":1,"quickSearch":1,"filterable":0,"ext":"https://raw.iqiq.io/liu673cn/box/main/sub/MeowXB/饭团HD.json"},
{"key":"csp_xbb_voflix","name":"🍀Voflix HD","type":3,"api":"csp_XBiubiu","searchable":1,"quickSearch":1,"filterable":0,"ext":"https://raw.iqiq.io/liu673cn/box/main/sub/MeowXB/voflix.json"},
{"key":"csp_xbb_Nike影视","name":"🍀Nike影视","type":3,"api":"csp_XBiubiu","searchable":1,"quickSearch":1,"filterable":0,"ext":"https://raw.iqiq.io/liu673cn/box/main/sub/MeowXB/Nike影视网.json"},
{"key":"csp_xbb_金眼影视","name":"🍀金眼影视","type":3,"api":"csp_XBiubiu","searchable":1,"quickSearch":1,"filterable":0,"ext":"https://raw.iqiq.io/liu673cn/box/main/sub/MeowXB/金眼影视.json"},
{"key":"csp_biubiu_um","name":"🍀UM影院","type":3,"api":"csp_XBiubiu","searchable":1,"quickSearch":1,"filterable":0,"ext":"https://raw.iqiq.io/liu673cn/box/main/sub/MeowXB/umkan.json"},
//
{"key":"csp_xbb_乐猪影视","name":"🍀乐猪影视📵","type":3,"api":"csp_XBiubiu","searchable":1,"quickSearch":1,"filterable":0,"ext":"https://raw.iqiq.io/liu673cn/box/main/sub/MeowXB/乐猪影视.json"},
{"key":"csp_xbb_黑狐影视ns","name":"🍀黑狐影视(NS)📵","type":3,"api":"csp_XBiubiu","searchable":1,"quickSearch":1,"filterable":0,"ext":"https://raw.iqiq.io/liu673cn/box/main/sub/MeowXB/黑狐影视ns.json"},
{"key":"csp_xbb_真不卡cerrd","name":"🍀真不卡cerrd(NS)📵","type":3,"api":"csp_XBiubiu","searchable":1,"quickSearch":1,"filterable":0,"ext":"https://raw.iqiq.io/liu673cn/box/main/sub/MeowXB/真不卡ns.json"},
{"key":"csp_xbb_奇优影院ns","name":"🍀奇优影院(NS)📵","type":3,"api":"csp_XBiubiu","searchable":1,"quickSearch":1,"filterable":0,"ext":"https://raw.iqiq.io/liu673cn/box/main/sub/MeowXB/奇优影院ns.json"}, 

{"key": "csp_xp_yinfans","name": "💥音范丝4K(300+)","type": 3,"api": "csp_XPath","searchable": 1,"quickSearch": 1,"filterable": 1,"ext": "https://raw.iqiq.io/liu673cn/box/main/sub/MeowXP/yinfans.json"},
{"key":"bdys","name":"💥哔嘀磁力(慎用)","type":3,"api":"csp_XPbd","searchable":1,"quickSearch":1,"filterable":1,"ext": "https://raw.iqiq.io/liu673cn/box/main/sub/MeowXP/bdys01.json","jar": "https://raw.iqiq.io/liu673cn/box/main/sub/ext/cili.jpg"},
{"key":"csp_xp_naifei","name":"💢奈飞中文","type":3,"api":"csp_XPathMacFilter","searchable":1,"quickSearch":1,"filterable":1,"ext":"https://raw.iqiq.io/liu673cn/box/main/sub/MeowXP/naifei.json"},
{"key":"csp_xp_agemys","name":"💢AGE动漫","type":3,"api":"csp_XPath","searchable":1,"quickSearch":1,"filterable":0,"ext":"https://raw.iqiq.io/liu673cn/box/main/sub/MeowXP/agemys.json"},
{"key":"csp_xp_dm84","name":"💢动漫巴士","type":3,"api":"csp_XPathFilter","searchable":1,"quickSearch":1,"filterable":0,"ext":"https://raw.iqiq.io/liu673cn/box/main/sub/MeowXP/dm84.json"},
{"key":"csp_xp_yinghua","name":"💢樱花动漫","type":3,"api":"csp_XPath","searchable":1,"quickSearch":1,"filterable":0,"ext":"https://raw.iqiq.io/liu673cn/box/main/sub/MeowXP/yinghua.json"},
{"key":"csp_xp_dmw","name":"💢动漫岛","type":3,"api":"csp_XPathMacFilter","searchable":1,"quickSearch":1,"filterable":1,"ext":"https://raw.iqiq.io/liu673cn/box/main/sub/MeowXP/dmw.json"},
{"key":"csp_xp_omofun","name": "💢omofun日漫","type": 3,"api": "csp_XPathMacFilter","searchable": 1,"quickSearch": 1,"filterable": 1,"ext": "https://raw.iqiq.io/liu673cn/box/main/sub/MeowXP/omofun.json"},
{"key":"csp_xp_bidiys","name":"💢Bidi影视(专线)","type":3,"api":"csp_XPathMacFilter","searchable":1,"quickSearch":1,"filterable":1,"ext":"https://raw.iqiq.io/liu673cn/box/main/sub/MeowXP/bidiys2.json"},
{"key":"csp_xp_jLgyy","name":"💢蓝光影院","type":3,"api":"csp_XPathFilter","searchable":1,"quickSearch":1,"filterable":1,"ext":"https://raw.iqiq.io/liu673cn/box/main/sub/MeowXP/lgyy.json"},
{"key":"csp_xp_nmys","name":"💢农民影视","type": 3,"api":"csp_XPathFilter","searchable":1,"quickSearch":1,"filterable":1,"ext":"https://raw.iqiq.io/liu673cn/box/main/sub/MeowXP/nmys2.json"},
{"key":"csp_xp_gongreng","name":"💢工人影视","type":3,"api":"csp_XPathMacFilter","searchable":1,"quickSearch":1,"filterable":1,"ext":"https://raw.iqiq.io/liu673cn/box/main/sub/MeowXP/gongreng.json"},
{"key":"csp_xp_jpys","name":"💢极品影视","type":3,"api":"csp_XPathMacFilter","searchable":1,"quickSearch":1,"filterable":1,"ext":"https://raw.iqiq.io/liu673cn/box/main/sub/MeowXP/jpys.json"},
{"key":"csp_xp_vip1280","name":"💢VIP电影","type":3,"api":"csp_XPath","searchable":1,"quickSearch":1,"filterable":0,"ext":"https://raw.iqiq.io/liu673cn/box/main/sub/MeowXP/vip1280.json"},
{"key":"csp_xp_Gimy","name": "💢Gimy影院","type": 3,"api": "csp_XPathMacFilter","searchable": 1,"quickSearch": 1,"filterable": 1,"ext": "https://raw.iqiq.io/liu673cn/box/main/sub/MeowXP/Gimy2.json"},
{"key":"csp_xp_lezhutv","name":"💢乐猪TV","type":3,"api":"csp_XPathMac","searchable":1,"quickSearch":1,"filterable":0,"ext":"https://raw.iqiq.io/liu673cn/box/main/sub/MeowXP/lezhutv.json"},
{"key":"csp_xp_ddg","name":"💢达达龟","type":3,"api":"csp_XPathMacFilter","searchable":1,"quickSearch":1,"filterable":1,"ext":"https://raw.iqiq.io/liu673cn/box/main/sub/MeowXP/dadagui.json"},
{"key":"csp_xp_jbb","name":"💢剧白白","type":3,"api":"csp_XPathMacFilter","searchable":1,"quickSearch":1,"filterable":1,"ext":"https://raw.iqiq.io/liu673cn/box/main/sub/MeowXP/jubaibai.json"},
{"key":"csp_xp_saohuo","name":"💢骚火电影","type":3,"api":"csp_XPath","searchable":1,"quickSearch":1,"filterable":0,"ext":"https://raw.iqiq.io/liu673cn/box/main/sub/MeowXP/saohuotv.json"},
{"key":"csp_xp_xqmi","name":"💢小 强 迷","type":3,"api":"csp_XPath","searchable":1,"quickSearch":1,"filterable":0,"ext":"https://raw.iqiq.io/liu673cn/box/main/sub/MeowXP/xqmi.json"},
{"key":"csp_xp_doujiao","name":"💢豆角影视","type": 3,"api": "csp_XPath","searchable": 1,"quickSearch": 1,"filterable": 1,"ext": "https://raw.iqiq.io/liu673cn/box/main/sub/MeowXP/doujiao.json"},
{"key":"csp_xp_99ys","name":"💢久久影视","type": 3,"api": "csp_XPath","searchable": 1,"quickSearch": 1,"filterable": 0,"ext": "https://raw.iqiq.io/liu673cn/box/main/sub/MeowXP/99ys.json"},
{"key":"csp_xp_789kp","name":"💢789看片","type":3,"api":"csp_XPathMacFilter","searchable":1,"quickSearch":1,"filterable":1,"ext":"https://raw.iqiq.io/liu673cn/box/main/sub/MeowXP/789kp.json"},
{"key":"csp_xp_wnvod","name": "💢万能影视","type": 3,"api":"csp_XPathFilter","searchable": 1,"quickSearch": 1,"filterable":0,"ext":"https://raw.iqiq.io/liu673cn/box/main/sub/MeowXP//wnvod.json"},
{"key":"csp_xp_kyikan","name": "💢看一看","type": 3,"api":"csp_XPath","searchable": 1,"quickSearch": 1,"filterable":0,"ext":"https://raw.iqiq.io/liu673cn/box/main/sub/MeowXP/kyikan.json"},
{"key":"csp_xp_zj883","name":"💢追剧网","type":3,"api":"csp_XPath","searchable":1,"quickSearch":1,"filterable":0,"ext":"https://raw.iqiq.io/liu673cn/box/main/sub/MeowXP/zj883.json"},
{"key":"csp_xp_lkvod","name":"💢耐看点播","type":3,"api":"csp_XPath","searchable":1,"quickSearch":1,"filterable":0,"ext":"https://raw.iqiq.io/liu673cn/box/main/sub/MeowXP/lkvod2.json"},
{"key":"csp_xp_6d","name":"💢六度TV","type":3,"api":"csp_XPathFilter","searchable":1,"quickSearch":1,"filterable":1,"ext":"https://raw.iqiq.io/liu673cn/box/main/sub/MeowXP/6d.json"},
{"key":"csp_xp_348z","name":"💢348电影","type":3,"api":"csp_XPathFilter","searchable":1,"quickSearch":1,"filterable":1,"ext":"https://raw.iqiq.io/liu673cn/box/main/sub/MeowXP/348z.json"},
{"key":"csp_xp_dandanzan10","name":"💢蛋蛋赞","type":3,"api":"csp_XPathFilter","searchable":0,"quickSearch":0,"filterable":1,"ext":"https://raw.iqiq.io/liu673cn/box/main/sub/MeowXP/dandanzan10.json"},
{"key":"csp_xp_tjyy","name":"💢奇优影院","type":3,"api":"csp_XPathMac","searchable":1,"quickSearch":1,"filterable":0,"ext":"https://raw.iqiq.io/liu673cn/box/main/sub/MeowXP/huigutongying.json"},
{"key":"csp_xp_dy888","name":"💢电影888","type":3,"api":"csp_XPathMac","searchable":1,"quickSearch":1,"filterable":0,"ext":"https://raw.iqiq.io/liu673cn/box/main/sub/MeowXP/dy888.json"},
{"key":"csp_xp_ttsp","name":"💢天天视频","type":3,"api":"csp_XPathMacFilter","searchable":0,"quickSearch":0,"filterable":1,"ext":"https://raw.iqiq.io/liu673cn/box/main/sub/MeowXP/ttsp.json"},
{"key":"csp_xp_Jumi","name":"💢剧迷TV","type":3,"api":"csp_XPathMacFilter","searchable":1,"quickSearch":1,"filterable":1,"ext":"https://raw.iqiq.io/liu673cn/box/main/sub/MeowXP/Jumi.json"},
{"key":"csp_xp_lranc","name":"💢天天影视","type":3,"api":"csp_XPathMacFilter","searchable":1,"quickSearch":1,"filterable":1,"ext":"https://raw.iqiq.io/liu673cn/box/main/sub/MeowXP/lranc.json"},
{"key":"csp_xp_dmntv","name":"💢弹幕影院","type":3,"api":"csp_XPathMacFilter","searchable":1,"quickSearch":1,"filterable":1,"ext":"https://raw.iqiq.io/liu673cn/box/main/sub/MeowXP/dmntv.json"},
{"key":"csp_xp_mozhatu","name":"💢莫扎兔","type":3,"api":"csp_XPath","searchable":1,"quickSearch":1,"filterable":1,"ext":"https://raw.iqiq.io/liu673cn/box/main/sub/MeowXP/mozhatu.json"},
{"key":"csp_xp_yingba","name":"💢电影吧","type":3,"api":"csp_XPath","searchable":1,"quickSearch":1,"filterable":1,"ext":"https://raw.iqiq.io/liu673cn/box/main/sub/MeowXP/yingba.json"},
{"key":"csp_xp_dingzidy","name":"💢钉子电影","type":3,"api":"csp_XPath","searchable":1,"quickSearch":1,"filterable":1,"ext":"https://raw.iqiq.io/liu673cn/box/main/sub/MeowXP/dingzidy.json"},
//
{"key":"csp_app_9E03","name": "🐌9E03(v2)","type": 3,"api": "csp_AppYsV2","searchable": 1,"quickSearch": 1,"filterable": 1,"ext": "https://vod.9e03.com/lvdou_api.php/v1.vod"},
{"key":"csp_app_gotka","name":"🐌速播影视(v2)","type":3,"api":"csp_AppYsV2","searchable":1,"quickSearch":1,"filterable":1,"ext":"http://mkk.gotka.top/api.php/v1.vod"},
{"key":"csp_app_独优影视","name":"🐌独优影视(v2)","type":3,"api":"csp_AppYsV2","searchable":1,"quickSearch":1,"filterable":1,"ext":"http://121.205.88.71:218/api.php/Chengcheng/vod/"},
{"key":"csp_app_天天视频","name":"🐌天天视频","type":3,"api": "csp_AppYs","searchable":1,"quickSearch":1,"filterable":1,"ext":"http://app.qianju.cc/api.php/v1.vod"},
{"key":"csp_app_群鑫影视","name":"🐌群鑫影视","type":3,"api": "csp_AppYs","searchable":1,"quickSearch":1,"filterable":1,"ext":"http://www.qunxinys.com/api.php/v1.vod"},
{"key":"csp_app_MX影视","name":"🐌MX影视","type":3,"api": "csp_AppYs","searchable":1,"quickSearch":1,"filterable":1,"ext":"http://mkk.gotka.top/api.php/v1.vod"},
{"key":"csp_app_段友影视","name": "🐌段友影视2","type": 3,"api": "csp_AppYsV2","searchable": 1,"quickSearch": 1,"filterable": 1,"ext": "https://shangjihuoke.com/api.php/tv.vod"},

{"key":"csp_xml_八戒官采","name":"🐝八戒官采","type":1,"api":"https://www.bajiezy.xyz/api.php/provide/vod/","playUrl":"","searchable":1,"quickSearch":1,"filterable":0,"categories":["综艺","动漫","纪录","动作片","喜剧片","爱情片","科幻片","剧情片","悬疑片","惊悚片","恐怖片","犯罪片","谍战片","冒险片","奇幻片","灾难片","战争片","动画片","歌舞片","历史片","传记片","其他片","国产剧","港台剧","日韩剧","欧美剧","海外剧","其他剧"]},
{"key":"csp_xml_土狗360","name":"🐝土狗360","type":1,"api":"http://360.tgzy.cc/api.php/provide/vod/","playUrl":"","searchable":1,"quickSearch":1,"filterable":0,"categories":["综艺","动漫","动作片","喜剧片","爱情片","科幻片","恐怖片","剧情片","战争片","国产剧","港台剧","日韩剧","欧美剧","其他剧","惊悚片","犯罪片","冒险片","悬疑片","动画片","武侠片","奇幻片","纪录片","其他片"]},
{"key":"csp_xml_小猫咪","name":"🐝小猫咪","type":1,"api":"http://zy.xiaomaomi.cc/api.php/provide/vod/","playUrl":"","searchable":1,"quickSearch":1,"filterable":0,"categories":["综艺","动漫","动作片","喜剧片","爱情片","科幻片","恐怖片","剧情片","战争片","国产剧","港台剧","日韩剧","欧美剧","综合频道"]},
{"key":"csp_xml_金鹰资源","name":"🐝金鹰资源","type":1,"api":"http://jinyingzy.com/provide/vod","searchable":1,"quickSearch":1},
{"key":"csp_xml_段友影视","name":"🐝段友影视"   ,"type":1,"api":"http://shangjihuoke.com/api.php/provide/vod/","playUrl":"","searchable":1,"quickSearch":1},
{"key":"csp_xml_考拉直链","name":"🐝考拉资源","type":1,"api":"https://ikaola.tv/api.php/provide/vod/","searchable":1,"quickSearch":1},
{"key":"csp_xml_人人影视","name":"🈚人人影视","type":1,"api":"https://www.rrvipw.com/api.php/provide/vod/","playUrl":"","searchable":1,"quickSearch":1},
{"key":"csp_xml_200121","name":"🐝200121","type":1,"api":"https://www.200121.com/api.php/provide/vod/","playUrl":"","searchable":1,"quickSearch":1},
{"key":"csp_xml_mac采集","name":"🐝苹果采集","type":0,"api":"http://107.150.5.146:39000/maccms10-main/api.php/provide/vod/at/xml","playUrl":"","searchable":1,"quickSearch":1},
{"key":"csp_xml_考拉TV","name":"🐝考拉TV","type":1,"api":"https://ikaola.tv/api.php/provide/vod/","playUrl":"","searchable":1,"quickSearch":1},
{"key":"csp_xml_天堂资源","name":"🐝天堂资源","type":1,"api":"http://vipmv.cc/api.php/provide/vod/","playUrl":"","searchable":1,"quickSearch":1},
{"key":"csp_xml_木子看剧","name":"🐝木子看剧","type":1,"api":"https://mzkj.maccms.cf/api.php/provide/vod/","searchable":1,"quickSearch":1},
{"key":"csp_xml_飘花资源","name":"🐝飘花资源","type":1,"api":"http://www.zzrhgg.com/api.php/provide/vod/","playUrl":"","searchable":1,"quickSearch":1},
{"key":"csp_xml_影图资源","name":"🐝影图资源","type":1,"api":"https://cj.vodimg.top/api.php/provide/vod/","playUrl":"","searchable":1,"quickSearch":1},
//
{"key":"csp_xbb_骚火VIP","name":"🍀骚火VIP","type":3,"api":"csp_XBiubiu","searchable":1,"quickSearch":1,"filterable":0,"ext":"https://raw.iqiq.io/liu673cn/box/main/sub/MeowXB/shdy.json"},
{"key":"csp_xbb_速搜影视","name":"🍀速搜影视","type":3,"api":"csp_XBiubiu","searchable":1,"quickSearch":1,"filterable":0,"ext":"https://raw.iqiq.io/liu673cn/box/main/sub/MeowXB/速搜影视.json"}, 
{"key":"csp_xbb_看片网","name":"🍀看片网","type":3,"api":"csp_XBiubiu","searchable":1,"quickSearch":1,"filterable":0,"ext":"https://raw.iqiq.io/liu673cn/box/main/sub/MeowXB/看片网.json"}, 
{"key":"csp_xbb_米来影视","name":"🍀米来影视","type":3,"api":"csp_XBiubiu","searchable":1,"quickSearch":1,"filterable":0,"ext":"https://raw.iqiq.io/liu673cn/box/main/sub/MeowXB/米来影视.json"}, 
{"key":"csp_xbb_旧梦影视","name":"🍀旧梦影视","type":3,"api":"csp_XBiubiu","searchable":1,"quickSearch":1,"filterable":0,"ext":"https://raw.iqiq.io/liu673cn/box/main/sub/MeowXB/旧梦影视.json"},
{"key":"csp_xbb_300影视","name":"🍀300影视","type":3,"api":"csp_XBiubiu","searchable":1,"quickSearch":1,"filterable":0,"ext":"https://raw.iqiq.io/liu673cn/box/main/sub/MeowXB/300影视.json"},
{"key":"csp_xbb_双十电影","name":"🍀双十电影","type":3,"api":"csp_XBiubiu","searchable":1,"quickSearch":1,"filterable":0,"ext":"https://raw.iqiq.io/liu673cn/box/main/sub/MeowXB/双十电影.json"},
{"key":"csp_xbb_视中心影院","name":"🍀视中心影院","type":3,"api":"csp_XBiubiu","searchable":1,"quickSearch":1,"filterable":0,"ext":"https://raw.iqiq.io/liu673cn/box/main/sub/MeowXB/视中心影院.json"},
{"key":"csp_xbb_4kan","name":"🍀4kan电影网","type":3,"api":"csp_XBiubiu","searchable":1,"quickSearch":1,"filterable":0,"ext":"https://raw.iqiq.io/liu673cn/box/main/sub/MeowXB/4Kkan.json"},
{"key":"csp_xbb_小强迷","name":"🍀小 强 迷","type":3,"api":"csp_XBiubiu","searchable":1,"quickSearch":1,"filterable":0,"ext":"https://raw.iqiq.io/liu673cn/box/main/sub/MeowXB/小强迷.json"},
{"key":"csp_xbb_蓝光影视","name":"🍀蓝光影视","type":3,"api":"csp_XBiubiu","searchable":1,"quickSearch":1,"filterable":0,"ext":"https://raw.iqiq.io/liu673cn/box/main/sub/MeowXB/蓝光影视.json"},
{"key":"csp_xbb_达达龟","name":"??达达龟","type":3,"api":"csp_XBiubiu","searchable":1,"quickSearch":1,"filterable":0,"ext":"https://raw.iqiq.io/liu673cn/box/main/sub/MeowXB/达达龟.json"},
{"key":"csp_xbb_YYDS影院","name":"🍀YYDS影院","type":3,"api":"csp_XBiubiu","searchable":1,"quickSearch":1,"filterable":0,"ext":"https://raw.iqiq.io/liu673cn/box/main/sub/MeowXB/YYDS影院.json"},
{"key":"csp_xbb_tegou","name":"🍀特狗影视","type":3,"api":"csp_XBiubiu","searchable":1,"quickSearch":1,"filterable":1,"ext": "https://raw.iqiq.io/liu673cn/box/main/sub/MeowXB/tegou.json"},

{"key":"csp_xbb_韩剧佬","name":"🍀韩剧佬","type":3,"api":"csp_XBiubiu","searchable":1,"quickSearch":1,"filterable":0,"ext":"https://raw.iqiq.io/liu673cn/box/main/sub/MeowXB/韩剧佬.json"},  
{"key":"csp_xbb_韩剧在线","name":"🍀韩剧在线","type":3,"api":"csp_XBiubiu","searchable":1,"quickSearch":1,"filterable":0,"ext":"https://raw.iqiq.io/liu673cn/box/main/sub/MeowXB/韩剧在线.json"},
{"key":"csp_xbb_全能影视","name":"🍀全能影视","type": 3,"api": "csp_XBiubiu","searchable": 1,"quickSearch": 1,"filterable": 0,"ext": "https://raw.iqiq.io/liu673cn/box/main/sub/MeowXB/全能影视.json"},
{"key":"csp_xbb_锐行加速","name":"🍀锐行加速","type": 3,"api": "csp_XBiubiu","searchable": 1,"quickSearch": 1,"filterable": 0,"ext": "https://raw.iqiq.io/liu673cn/box/main/sub/MeowXB/锐行加速.json"},
{"key":"csp_xbb_干饭影视","name":"🍀干饭影视","type":3,"api":"csp_XBiubiu","searchable":1,"quickSearch":1,"filterable":0,"ext":"https://raw.iqiq.io/liu673cn/box/main/sub/MeowXB/干饭影视.json"},
{"key":"csp_xbb_AB影院","name":"🍀AB影院","type":3,"api":"csp_XBiubiu","searchable":1,"quickSearch":1,"filterable":0,"ext":"https://raw.iqiq.io/liu673cn/box/main/sub/MeowXB/AB影院.json"},
{"key":"csp_xbb_稀饭影视","name":"🍀稀饭影视","type":3,"api":"csp_XBiubiu","searchable":1,"quickSearch":1,"filterable":0,"ext":"https://raw.iqiq.io/liu673cn/box/main/sub/MeowXB/稀饭影视.json"},
{"key":"csp_xbb_我爱跟剧","name":"🍀我爱跟剧","type": 3,"api": "csp_XBiubiu","searchable": 1,"quickSearch": 1,"filterable": 0,"ext": "https://raw.iqiq.io/liu673cn/box/main/sub/MeowXB/我爱跟剧.json"},
{"key":"csp_xbb_漫岛动漫","name":"🍀漫岛动漫","type":3,"api":"csp_XBiubiu","searchable":1,"quickSearch":1,"filterable":0,"ext":"https://raw.iqiq.io/liu673cn/box/main/sub/MeowXB/漫岛动漫.json"},
{"key":"csp_xbb_维奇动漫","name":"🍀维奇动漫","type":3,"api":"csp_XBiubiu","searchable":1,"quickSearch":1,"filterable":0,"ext":"https://raw.iqiq.io/liu673cn/box/main/sub/MeowXB/维奇动漫.json"},
{"key":"csp_xbb_风车动漫","name":"🍀风车动漫","type":3,"api":"csp_XBiubiu","searchable":1,"quickSearch":1,"filterable":0,"ext":"https://raw.iqiq.io/liu673cn/box/main/sub/MeowXB/风车动漫.json"},
{"key":"csp_xbb_去看吧","name":"🍀看吧动漫","type":3,"api":"csp_XBiubiu","searchable":1,"quickSearch":1,"filterable":0,"ext":"https://raw.iqiq.io/liu673cn/box/main/sub/MeowXB/去看吧.json"},
{"key":"csp_xbb_瓜皮TV","name":"🍀瓜皮TV","type":3,"api":"csp_XBiubiu","searchable":1,"quickSearch":1,"filterable":0,"ext":"https://raw.iqiq.io/liu673cn/box/main/sub/MeowXB/瓜皮TV.json"},
{"key":"csp_xbb_大象TV","name":"🍀大象TV","type":3,"api":"csp_XBiubiu","searchable":1,"quickSearch":1,"filterable":0,"ext":"https://raw.iqiq.io/liu673cn/box/main/sub/MeowXB/大象TV.json"},
{"key":"csp_xbb_348电影网","name":"🍀348电影网","type":3,"api":"csp_XBiubiu","searchable":1,"quickSearch":1,"filterable":0,"ext":"https://raw.iqiq.io/liu673cn/box/main/sub/MeowXB/348电影网.json"},
{"key":"csp_xbb_开心果电影网","name":"🍀开心果电影网","type":3,"api":"csp_XBiubiu","searchable":1,"quickSearch":1,"filterable":0,"ext":"https://raw.iqiq.io/liu673cn/box/main/sub/MeowXB/开心果电影网.json"},
{"key":"csp_xbb_VIP电影院","name":"🍀VIP电影院","type":3,"api":"csp_XBiubiu","searchable":1,"quickSearch":1,"filterable":0,"ext":"https://raw.iqiq.io/liu673cn/box/main/sub/MeowXB/VIP电影院.json"},

{"key":"csp_xbb_奈菲影院","name":"🍀奈菲影院","type":3,"api":"csp_XBiubiu","searchable":1,"quickSearch":1,"filterable":0,"ext":"https://raw.iqiq.io/liu673cn/box/main/sub/MeowXB/奈菲影院.json"},
{"key":"csp_xbb_星空影视","name":"🍀星空影视","type":3,"api":"csp_XBiubiu","searchable":1,"quickSearch":1,"filterable":0,"ext":"https://raw.iqiq.io/liu673cn/box/main/sub/MeowXB/星空影视.json"},
{"key":"csp_xbb_完美看看","name":"🍀完美看看","type":3,"api":"csp_XBiubiu","searchable":1,"quickSearch":1,"filterable":0,"ext":"https://raw.iqiq.io/liu673cn/box/main/sub/MeowXB/完美看看影视.json"},
{"key":"csp_xbb_剧白白","name":"🍀剧白白2","type":3,"api":"csp_XBiubiu","searchable":1,"quickSearch":1,"filterable":0,"ext":"https://raw.iqiq.io/liu673cn/box/main/sub/MeowXB/剧白白-蓝光.json"},
{"key":"csp_xbb_LIBVIO","name":"🍀LIBVIO","type":3,"api":"csp_XBiubiu","searchable":1,"quickSearch":1,"filterable":0,"ext":"https://raw.iqiq.io/liu673cn/box/main/sub/MeowXB/LIBVIO.json"},
{"key":"csp_xbb_在线之家","name":"🍀在线之家","type":3,"api":"csp_XBiubiu","searchable":1,"quickSearch":1,"filterable":0,"ext":"https://raw.iqiq.io/liu673cn/box/main/sub/MeowXB/在线之家.json"},
{"key":"csp_xbb_天空资源","name":"🍀天空资源","type":3,"api":"csp_XBiubiu","searchable":1,"quickSearch":1,"filterable":0,"ext":"https://raw.iqiq.io/liu673cn/box/main/sub/MeowXB/天空资源.json"},
{"key":"csp_xbb_克拉TV","name":"🍀克拉TV","type":3,"api":"csp_XBiubiu","searchable":1,"quickSearch":1,"filterable":0,"ext":"https://raw.iqiq.io/liu673cn/box/main/sub/MeowXB/克拉TV.json"},
{"key":"csp_xbb_耐看点播","name":"🍀耐看点播","type":3,"api":"csp_XBiubiu","searchable":1,"quickSearch":1,"filterable":0,"ext":"https://raw.iqiq.io/liu673cn/box/main/sub/MeowXB/耐看点播.json"},
{"key":"csp_xbb_乌龟影院","name":"🍀乌龟影院","type":3,"api":"csp_XBiubiu","searchable":1,"quickSearch":1,"filterable":0,"ext":"https://raw.iqiq.io/liu673cn/box/main/sub/MeowXB/乌龟影院.json"},
{"key":"csp_xbb_北川影视","name":"🍀北川影视","type":3,"api":"csp_XBiubiu","searchable":1,"quickSearch":1,"filterable":0,"ext":"https://raw.iqiq.io/liu673cn/box/main/sub/MeowXB/北川影视.json"},
{"key":"csp_xbb_口袋影院","name":"🍀口袋影院","type":3,"api":"csp_XBiubiu","searchable":1,"quickSearch":1,"filterable":0,"ext":"https://raw.iqiq.io/liu673cn/box/main/sub/MeowXB/口袋影院.json"},
{"key": "csp_xbb_神马tv8","name":"🍀神马tv8","type": 3,"api": "csp_XBiubiu","searchable": 1,"quickSearch": 1,"filterable": 0,"ext": "https://raw.iqiq.io/liu673cn/box/main/sub/MeowXB/神马tv8.json"},
{"key":"csp_xbb_花猫TV","name":"🍀花猫TV","type":3,"api":"csp_XBiubiu","searchable":1,"quickSearch":1,"filterable":0,"ext":"https://raw.iqiq.io/liu673cn/box/main/sub/MeowXB/花猫TV.json"},
{"key":"csp_xbb_VIP1280","name":"🍀VIP1280","type":3,"api":"csp_XBiubiu","searchable":1,"quickSearch":1,"filterable":0,"ext":"https://raw.iqiq.io/liu673cn/box/main/sub/MeowXB/VIP1280.json"},
{"key":"csp_xbb_COKEMV","name":"🍀COKEMV","type":3,"api":"csp_XBiubiu","searchable":1,"quickSearch":1,"filterable":0,"ext":"https://raw.iqiq.io/liu673cn/box/main/sub/MeowXB/COKEMV.json"},
{"key":"csp_xbb_hdmoli","name":"🍀hdmoli","type":3,"api":"csp_XBiubiu","searchable":1,"quickSearch":1,"filterable":0,"ext":"https://raw.iqiq.io/liu673cn/box/main/sub/MeowXB/hdmoli.json"},

{"key":"csp_xbb_炫猫影视","name":"🍀炫猫影视","type":3,"api":"csp_XBiubiu","searchable":1,"quickSearch":1,"filterable":0,"ext":"https://raw.iqiq.io/liu673cn/box/main/sub/MeowXB/炫猫影视.json"},
{"key":"csp_xbb_九州影视","name":"🍀九州影视","type":3,"api":"csp_XBiubiu","searchable":1,"quickSearch":1,"filterable":0,"ext":"https://raw.iqiq.io/liu673cn/box/main/sub/MeowXB/九州影视.json"},
{"key":"csp_xbb_31看影视","name":"🍀31看影视","type":3,"api":"csp_XBiubiu","searchable":1,"quickSearch":1,"filterable":0,"ext":"https://raw.iqiq.io/liu673cn/box/main/sub/MeowXB/31看影视.json"},
{"key":"csp_xbb_创艺影视","name":"🍀创艺影视","type":3,"api":"csp_XBiubiu","searchable":1,"quickSearch":1,"filterable":0,"ext":"https://raw.iqiq.io/liu673cn/box/main/sub/MeowXB/创艺影视.json"},
{"key":"csp_xbb_骚火电影","name":"🍀骚火电影","type":3,"api":"csp_XBiubiu","searchable":1,"quickSearch":1,"filterable":0,"ext":"https://raw.iqiq.io/liu673cn/box/main/sub/MeowXB/骚火电影.json"},
{"key":"csp_xbb_六度TV","name":"🍀六度TV","type":3,"api":"csp_XBiubiu","searchable":1,"quickSearch":1,"filterable":0,"ext":"https://raw.iqiq.io/liu673cn/box/main/sub/MeowXB/六度TV.json"},
{"key":"csp_xbb_如如影视","name":"🍀如如影视","type":3,"api":"csp_XBiubiu","searchable":1,"quickSearch":1,"filterable":0,"ext":"https://raw.iqiq.io/liu673cn/box/main/sub/MeowXB/如如影视.json"},
{"key":"csp_xbb_看一看影视","name":"🍀看一看影视","type":3,"api":"csp_XBiubiu","searchable":1,"quickSearch":1,"filterable":0,"ext":"https://raw.iqiq.io/liu673cn/box/main/sub/MeowXB/看一看影视.json"},
{"key":"csp_xbb_789影视","name":"🍀789影视","type":3,"api":"csp_XBiubiu","searchable":1,"quickSearch":1,"filterable":0,"ext":"https://raw.iqiq.io/liu673cn/box/main/sub/MeowXB/789影视.json"},
{"key":"csp_xbb_人人影视","name":"🍀人人影视","type":3,"api":"csp_XBiubiu","searchable":1,"quickSearch":1,"filterable":0,"ext":"https://raw.iqiq.io/liu673cn/box/main/sub/MeowXB/人人影视.json"},
{"key":"csp_xbb_chok8电影","name":"🍀chok8电影","type":3,"api":"csp_XBiubiu","searchable":1,"quickSearch":1,"filterable":0,"ext":"https://raw.iqiq.io/liu673cn/box/main/sub/MeowXB/chok8电影.json"},
{"key":"csp_xbb_爱港剧","name":"🍀爱港剧","type":3,"api":"csp_XBiubiu","searchable":1,"quickSearch":1,"filterable":0,"ext":"https://raw.iqiq.io/liu673cn/box/main/sub/MeowXB/爱港剧.json"},
{"key":"csp_xbb_手机看剧","name":"🍀手机看剧","type":3,"api":"csp_XBiubiu","searchable":1,"quickSearch":1,"filterable":0,"ext":"https://raw.iqiq.io/liu673cn/box/main/sub/MeowXB/手机看剧.json"},
{"key":"csp_xbb_哔嘀影视","name":"🍀Bidi影视","type":3,"api":"csp_XBiubiu","searchable":1,"quickSearch":1,"filterable":0,"ext":"https://raw.iqiq.io/liu673cn/box/main/sub/MeowXB/哔嘀影视.json"},
{"key":"csp_xbb_利丽娅电影","name":"🍀利丽娅电影","type":3,"api":"csp_XBiubiu","searchable":1,"quickSearch":1,"filterable":0,"ext":"https://raw.iqiq.io/liu673cn/box/main/sub/MeowXB/利丽娅电影.json"},
{"key":"csp_xbb_七年影视","name":"🍀七年影视","type":3,"api":"csp_XBiubiu","searchable":1,"quickSearch":1,"filterable":0,"ext":"https://raw.iqiq.io/liu673cn/box/main/sub/MeowXB/七年影视.json"},
{"key":"csp_xbb_大象TV","name":"🍀大象TV","type":3,"api":"csp_XBiubiu","searchable":1,"quickSearch":1,"filterable":0,"ext":"https://raw.iqiq.io/liu673cn/box/main/sub/MeowXB/大象TV.json"},

{"key":"csp_xbb_牛马TV","name":"🍀牛马TV","type":3,"api":"csp_XBiubiu","searchable":1,"quickSearch":1,"filterable":0,"ext":"https://raw.iqiq.io/liu673cn/box/main/sub/MeowXB/牛马TV.json"},
{"key":"csp_xbb_豆角网","name":"🍀豆角网","type":3,"api":"csp_XBiubiu","searchable":1,"quickSearch":1,"filterable":0,"ext":"https://raw.iqiq.io/liu673cn/box/main/sub/MeowXB/豆角网.json"},
{"key":"csp_xbb_尘落影院","name":"🍀尘落影院","type":3,"api":"csp_XBiubiu","searchable":1,"quickSearch":1,"filterable":0,"ext":"https://raw.iqiq.io/liu673cn/box/main/sub/MeowXB/尘落影院.json"},
{"key":"csp_xbb_city电影","name":"🍀city电影","type":3,"api":"csp_XBiubiu","searchable":1,"quickSearch":1,"filterable":0,"ext":"https://raw.iqiq.io/liu673cn/box/main/sub/MeowXB/city电影.json"},
{"key":"csp_xbb_电影馆","name":"🍀电影馆","type":3,"api":"csp_XBiubiu","searchable":1,"quickSearch":1,"filterable":0,"ext":"https://raw.iqiq.io/liu673cn/box/main/sub/MeowXB/电影馆.json"},
{"key":"csp_xbb_爱看影视","name":"🍀爱看影视","type":3,"api":"csp_XBiubiu","searchable":1,"quickSearch":1,"filterable":0,"ext":"https://raw.iqiq.io/liu673cn/box/main/sub/MeowXB/爱看影视.json"},
{"key":"csp_xbb_凛冬又至","name":"🍀凛冬又至","type":3,"api":"csp_XBiubiu","searchable":1,"quickSearch":1,"filterable":0,"ext":"https://raw.iqiq.io/liu673cn/box/main/sub/MeowXB/凛冬又至.json"},
{"key":"csp_xbb_红领巾","name":"🍀红领巾","type":3,"api":"csp_XBiubiu","searchable":1,"quickSearch":1,"filterable":0,"ext":"https://raw.iqiq.io/liu673cn/box/main/sub/MeowXB/红领巾.json"},
{"key":"csp_xbb_老电影","name":"🍀老电影","type":3,"api":"csp_XBiubiu","searchable":1,"quickSearch":1,"filterable":0,"ext":"https://raw.iqiq.io/liu673cn/box/main/sub/MeowXB/老电影.json"},
{"key":"csp_xbb_伊雪湾","name":"🍀伊雪湾","type":3,"api":"csp_XBiubiu","searchable":1,"quickSearch":1,"filterable":0,"ext":"https://raw.iqiq.io/liu673cn/box/main/sub/MeowXB/伊雪湾.json"},
{"key":"csp_xbb_极品影视","name":"🍀极品影视","type":3,"api":"csp_XBiubiu","searchable":1,"quickSearch":1,"filterable":0,"ext":"https://raw.iqiq.io/liu673cn/box/main/sub/MeowXB/极品影视.json"},
{"key":"csp_xbb_139影视","name":"🍀139影视","type":3,"api":"csp_XBiubiu","searchable":1,"quickSearch":1,"filterable":0,"ext":"https://raw.iqiq.io/liu673cn/box/main/sub/MeowXB/139影视.json"}, 
//
{"key":"csp_app_天空TV","name":"🐌天空TV","type":3,"api":"csp_AppYsV2","searchable":1,"quickSearch":1,"filterable":1,"ext":"http://tv.tkys.tv/api.php/iptv/vod/"},
{"key":"csp_app_1080KK","name":"🐌1080KK","type":3,"api":"csp_AppYsV2","searchable":1,"quickSearch":1,"filterable":1,"ext":"http://123.250idc.com/mogai_api.php/v1.vod"},
{"key":"csp_app_米来影视","name":"🐌米来影视","type":3,"api":"csp_AppYsV2","searchable":1,"quickSearch":1,"filterable":1,"ext":"http://42.51.37.161:2346/api.php/iptv/vod/"},
{"key":"csp_app_爱酷影视","name": "🐌爱酷影视","type": 3,"api": "csp_AppYsV2","searchable": 1,"quickSearch": 1,"filterable": 1,"ext": "https://www.zhanlangbu.com/ruifenglb_api.php/v1.vod"},
{"key":"csp_app_零刻影院","name": "🐌零刻影院","type": 3,"api": "csp_AppYsV2","searchable": 1,"quickSearch": 1,"filterable": 1,"ext": "https://ys.ling00.cn/api.php/v1.vod"},
{"key":"csp_app_瑞丰影视","name": "🐌瑞丰影视","type": 3,"api": "csp_AppYsV2","searchable": 1,"quickSearch": 1,"filterable": 1,"ext": "http://121.204.249.135:4433/ruifenglb_api.php/v1.vod"},
{"key":"csp_app_小鸟动漫","name":"🐌小鸟动漫","type":3,"api":"csp_AppYsV2","searchable":1,"quickSearch":1,"filterable":1,"ext":"http://xydm.baicai.buzz/mogai_api.php/v1.vod"},
{"key":"csp_app_熊猫动漫","name":"🐌熊猫动漫","type":3,"api":"csp_AppYs","searchable":1,"quickSearch":1,"filterable":1,"ext":"http://dongman.k8aa.com/mogai_api.php/v1.vod"},
{"key":"csp_app_日诚影视","name":"🐌日诚影视","type":3,"api":"csp_AppYsV2","searchable":1,"quickSearch":1,"filterable":1,"ext":"http://tv.rcz168.com/api.php/v1.vod"},
{"key":"csp_app_淘剧社","name":"🐌淘剧社","type":3,"api":"csp_AppYsV2","searchable":1,"quickSearch":1,"filterable":1,"ext":"https://app.shuhai99.com/api.php/v1.vod"},
{"key":"csp_app_冷视TV","name":"🐌冷视TV","type":3,"api":"csp_AppYsV2","searchable":1,"quickSearch":1,"filterable":1,"ext":"https://len.tv/api.php/v1.vod"},
{"key":"csp_app_芒迅TV","name":"🐌芒迅TV","type":3,"api":"csp_AppYsV2","searchable":1,"quickSearch":1,"filterable":1,"ext":"http://www.hdyangtv.com/api.php/iptv/vod/"},
{"key":"csp_app_盒子视界","name":"🐌盒子视界","type":3,"api":"csp_AppYsV2","searchable":1,"quickSearch":1,"filterable":1,"ext":"http://eh.tvzy.cc/api.php/iptv/vod/"},
{"key":"csp_app_贵宾影院","name":"🐌贵宾影院","type":3,"api":"csp_AppYsV2","searchable":1,"quickSearch":1,"filterable":1,"ext":"https://vipdytv.com/api.php/iptv/vod/"},
{"key":"csp_app_CV影视","name":"🐌CV影视","type":3,"api":"csp_AppYsV2","searchable":1,"quickSearch":1,"filterable":1,"ext":"http://www.cccvvv.top/api.php/iptv/vod/"},
{"key":"csp_app_2号币","name":"🐌2号币","type":3,"api":"csp_AppYsV2","searchable":1,"quickSearch":1,"filterable":1,"ext":"http://phoebe.cf/api.php/iptv/vod/"},
{"key":"csp_app_影视大全","name":"🐌影视大全","type":3,"api":"csp_AppYs","searchable":1,"quickSearch":1,"filterable":1,"ext":"https://xc.xixi2yy.xyz/mogai_api.php/v1.vod"},
{"key":"csp_app_月儿影视","name":"🐌月儿影视","type":3,"api":"csp_AppYs","searchable":1,"quickSearch":1,"filterable":1,"ext":"https://yue52.xyz/api.php/v1.vod"},
{"key":"csp_app_沭阳影视","name":"🐌沭阳影视","type":3,"api":"csp_AppYs","searchable":1,"quickSearch":1,"filterable":1,"ext":"http://zjr.jurentiaodeng.com/api.php/v1.vod"},
{"key":"csp_app_看剧吧","name":"🐌看剧吧","type":3,"api": "csp_AppYs","searchable":1,"quickSearch":1,"filterable":1,"ext":"http://app.ishen520.com/api.php/v1.vod"},
{"key":"csp_app_U5影视","name":"🐌U5影视","type":3,"api": "csp_AppYs","searchable":1,"quickSearch":1,"filterable":1,"ext":"https://appx.uy07.com/api.php/v1.vod"},
//
{"key":"csp_xml_冠军资源","name":"🐝冠军资源","type":1,"api":"https://www.cmpzy.com/api.php/provide/vod/","searchable":1,"quickSearch":1},  
{"key":"csp_xml_番茄资源","name":"🐝番茄资源","type":1,"api":"http://api.fqzy.cc/api.php/provide/vod/","playUrl":"https://dp.fqplayer.com/dplayer/?url=","searchable":1,"quickSearch":1},
{"key":"csp_xml_诺迅资源","name":"🐝诺迅资源","type":1,"api":"https://caiji.nxflv.com/api.php/provide/vod/","playUrl":"https://www.nxflv.com/?url=","searchable":1,"quickSearch":1},
{"key":"csp_xml_xinlang","name":"🐝新浪资源","type":1,"api":"http://api.xinlangapi.com/xinlangapi.php/provide/vod/","playUrl":"","searchable":1,"quickSearch":1},
{"key":"csp_xml_量子资源","name":"🐝量子资源","type":1,"api":"http://cj.lziapi.com/api.php/provide/vod/","playUrl":"","searchable":1,"quickSearch":1},
{"key":"csp_xml_光速资源","name":"🐝光速资源","type":1,"api":"https://api.guangsuapi.com/api.php/provide/vod/","playUrl":"","searchable":1,"quickSearch":1},
{"key":"csp_xml_忆梦","name":"🐝忆 梦","type":1,"api":"http://anltv.cn/api.php/provide/vod/","playUrl":"","searchable":1,"quickSearch":1},
{"key":"csp_xml_多多资源","name":"🐝多多资源","type":0,"api":"https://www.ddzyz1.com/api.php/provide/vod/at/xml","playUrl":"https://player.movie09.com/dplayer/?url=","searchable":1,"quickSearch":1},
{"key":"csp_xml_M3U8","name":"🐝M3U8资源","type":0,"api":"http://www.zycaiji.net:7788/api.php/provide/vod/at/xml/","playUrl":"https://jx.m3u8.tv/jiexi/?url=","searchable":1,"quickSearch":1,"filterable":0,"categories":["综艺","动漫","动作片","喜剧片","爱情片","科幻片","恐怖片","剧情片","战争片","国产剧","港台剧","日韩剧","欧美剧","惊悚片","犯罪片","冒险片","悬疑片","动画片","武侠片","奇幻片","少儿","其他片","其他剧"]},
{"key":"csp_xml_8090","name":"🐝8090资源","type":0,"api":"http://zy.yilans.net:8090/api.php/provide/vod/at/xml/","playUrl":"https://www.8090.la/8090/?url=","searchable":1,"quickSearch":1,"filterable":0,"categories":["综艺","动漫","动作片","喜剧片","爱情片","科幻片","恐怖片","剧情片","战争片","国产剧","港台剧","日韩剧","欧美剧","惊悚片","犯罪片","冒险片","悬疑片","动画片","武侠片","奇幻片","少儿","其他片","其他剧"]},
{"key":"csp_xml_快播云","name":"🐝快播云","type":1,"api":"http://www.kuaibozy.com/api.php/provide/vod/","playUrl":"","searchable":1,"quickSearch":1},
{"key":"csp_xml_CK资源","name":"🐝CK 资源","type":1,"api":"https://ckzy.me/api.php/provide/vod/","playUrl":"","searchable":1,"quickSearch":1},
{"key":"csp_xml_红牛资源","name":"🐝红牛资源","type":1,"api":"https://www.hongniuzy2.com/api.php/provide/vod/","playUrl":"","searchable":1,"quickSearch":1},
{"key":"csp_xml_外国影源","name":"🐝外国影源","type":1,"api":"http://api.nguonphim.tv/api.php/provide/vod/","playUrl":"","searchable":1,"quickSearch":1},
{"key":"csp_xml_百度资源","name":"🐝百度资源","type":1,"api":"https://api.apibdzy.com/api.php/provide/vod/","playUrl":"","searchable":1,"quickSearch":1},
{"key":"csp_xml_飞速采集","name":"🐝飞速采集","type":1,"api":"https://m3u8.feisuzyapi.com/api.php/provide/vod/","playUrl":"","searchable":1,"quickSearch":1},
{"key":"csp_xml_飞速资源","name":"🐝飞速资源","type":1,"api":"http://fszy1.com/api.php/provide/vod/","playUrl":"","searchable":1,"quickSearch":1},

{"key":"csp_xml_无尽资源","name":"🐝无尽资源","type":1,"api":"https://api.wujinapi.com/api.php/provide/vod/","playUrl":"","searchable":1,"quickSearch":1},
{"key":"csp_xml_U酷资源","name":"🐝U酷 资源","type":1,"api":"https://api.ukuapi.com/api.php/provide/vod/","playUrl":"","searchable":1,"quickSearch":1},
{"key":"csp_xml_天空资源","name":"🐝天空资源m3u8","type":1,"api":"https://api.tiankongapi.com/api.php/provide/vod/","playUrl":"","searchable":1,"quickSearch":1},
{"key":"csp_xml_樱花采集","name":"🐝樱花采集","type":1,"api":"https://m3u8.apiyhzy.com/api.php/provide/vod/","playUrl":"","searchable":1,"quickSearch":1},
{"key":"csp_xml_樱花资源","name":"🐝樱花资源","type":1,"api":"https://yhzy.cc/api.php/provide/vod/","playUrl":"","searchable":1,"quickSearch":1},
{"key":"csp_xml_卧龙资源","name":"🐝卧龙资源","type":1,"api":"https://collect.wolongzyw.com/api.php/provide/vod/","playUrl":"","searchable":1,"quickSearch":1},
{"key":"csp_xml_FOX资源","name":"🐝Fox 资源","type":1,"api":"https://foxzy.net/api.php/provide/vod/","playUrl":"","searchable":1,"quickSearch":1},
{"key":"csp_xml_FOX采集","name":"🐝Fox 采集","type":1,"api":"https://api.foxzyapi.com/api.php/provide/vod/","playUrl":"","searchable":1,"quickSearch":1},
{"key":"csp_xml_39影视","name":"🐝3 9影视","type":1,"api":"https://www.39kan.com/api.php/provide/vod/","playUrl":"","searchable":1,"quickSearch":1},
{"key":"csp_xml_酷点资源","name":"🐝酷点资源","type":1,"api":"https://api.kuapi.cc/api.php/provide/vod/","playUrl":"","searchable":1,"quickSearch":1},
{"key":"csp_xml_想看资源","name":"🐝想看资源","type":1,"api":"https://xiangkanzy.com/api.php/provide/vod/","playUrl":"https://lyw28.com/m3u8/?url=","searchable":1,"quickSearch":1},
{"key":"csp_xml_想看采集","name":"🐝想看采集","type":1,"api":"https://m3u8.xiangkanapi.com/api.php/provide/vod/","playUrl":"https://lyw28.com/m3u8/?url=","searchable":1,"quickSearch":1},
{"key":"csp_xml_鱼乐资源","name":"🐝鱼乐资源","type":1,"api":"https://www.ylzy1.com/api.php/provide/vod/","playUrl":"","searchable":1,"quickSearch":1},
{"key":"csp_xml_橘猫资源","name":"🐝橘猫资源","type":1,"api":"http://www.zitv.cc/api.php/provide/vod/","playUrl":"","searchable":1,"quickSearch":1},
{"key":"csp_xml_趣看采集","name":"🐝趣看采集","type":1,"api":"https://qkmp4.cn/api.php/provide/vod/","playUrl":"","searchable":1,"quickSearch":1},
{"key":"csp_xml_松鼠资源","name":"🐝松鼠资源","type":1,"api":"https://m3u8.songshuzy.com/api.php/provide/vod/","playUrl":"","searchable":1,"quickSearch":1},
{"key":"csp_xml_共青春","name":"🐝共青春影院","type":1,"api":"https://gqcyy.com/api.php/provide/vod/","playUrl":"","searchable":1,"quickSearch":1}
],
//解X设置
"parses":[
{"name":"解析聚合","type":3,"url":"Demo"},
{"name":"Json并发","type":2,"url":"Parallel"},
{"name":"Json轮询","type":2,"url":"Sequence"},

{"name": "Q1解析","type": 1,"url": "https://parse.ikunfk.cc/parse/sign/74e860ee6889f03cae108d6c228aa725?url=","header": {"User-Agent": "Mozilla/5.0"}},
{"name": "Q1官解","type": 1,"url": "https://parse.ikunfk.cc/parse/sign/20230117?url=","header": {"User-Agent": "Mozilla/5.0"}},
{"name": "星辰云解析","type": 1,"url": "https://json.xn--9kq078cdn3a.cc/api/?key=22ea7ae4746073f5ea13e9079c024c7d&url=","header": {"User-Agent": "Mozilla/5.0"}},
{"name": "刚刚走过","type": 1,"url": "http://jx.fuqizhishi.com:63/API.php?appkey=feimao&url=","header": {"User-Agent": "Mozilla/5.0"}},
{"name": "云星解析","type": 1,"url": "https://chaloli.cn/api/?key=454af70ae4c2f8369527a16413ed27ba&url=","header": {"User-Agent": "Mozilla/5.0"}},
{"name": "风起兖州","type": 0,"url": "http://jx.gbxy.net.cn/?url="},

{"name":"keyu","type":1,"url":"http://newjiexi.gotka.top/keyu3.php?url=","ext":{"flag":["qq","腾讯","qiyi","iqiyi","爱奇艺","奇艺","youku","优酷","mgtv","芒果","letv","乐视","pptv","PPTV","sohu","bilibili","哔哩哔哩","哔哩"],"header":{"User-Agent":"okhttp/4.1.0"}}},
{"name":"GGTV1","type":1,"url":"https://play.fuqizhishi.com/juhe/API.php?appkey=caijijuhe220902&url="},
{"name":"GGTV2","type":1,"url":"https://play.fuqizhishi.com/jx/API.php?appkey=xiaobai888&url="},
{"name":"aiku","type":1,"url":"https://jx.zhanlangbu.com/API.php?appkey=53df3aa2fdb66bcbc4d05730b6fbfc71&url="},
{"name":"CK解析","type":1,"url":"http://api.ckflv.cn/?url=","ext":{"flag":["qq","腾讯","qiyi","iqiyi","爱奇艺","奇艺","youku","优酷","mgtv","芒果","letv","乐视","pptv","PPTV","sohu","bilibili","哔哩哔哩","哔哩"]}},
{"name":"懒人","type": 1,"url": "http://120.53.102.254/jx1/jx75.php?url=","ext":{"flag":["qq","腾讯","qiyi","iqiyi","爱奇艺","奇艺","youku","优酷","mgtv","芒果","letv","乐视","pptv","PPTV","sohu","bilibili","哔哩哔哩","哔哩"]}},
{"name":"视界","type":1,"url":"http://150.230.216.174/tvjx.php?url=","ext":{"flag":["qiyi","iqiyi","奇艺","爱奇艺","qq","腾讯","youku","优酷","pptv","PPTV","letv","乐视","bilibili","哔哩哔哩","哔哩","mgtv","芒果","xigua","西瓜","sohu","搜狐","cntv","cctv","央视","1905","m1905"],"header":{"User-Agent":"Dart/2.14 (dart:io)"}}},
{"name": "油果","type": 1,"url": "http://json.youguo520.top/fufeng/?url=","ext":{"flag":["qq","腾讯","qiyi","iqiyi","爱奇艺","奇艺","youku","优酷","mgtv","芒果","letv","乐视","pptv","PPTV","sohu","bilibili","哔哩哔哩","哔哩"],"header": {"User-Agent": "Dart/2.14 (dart:io)"}}},
{"name": "搬运","type": 1,"url": "https://jx.bynote.top/API.php?url=","ext":{"flag":["qq","腾讯","qiyi","iqiyi","爱奇艺","奇艺","youku","优酷","mgtv","芒果","letv","乐视","pptv","PPTV","sohu","bilibili","哔哩哔哩","哔哩"]}},
{"name": "爱豆","type": 1,"url": "http://id190.tpddns.cn:81/jsonch/?url=","ext":{"flag":["qq","腾讯","qiyi","iqiyi","爱奇艺","奇艺","youku","优酷","mgtv","芒果","letv","乐视","pptv","PPTV","sohu","bilibili","哔哩哔哩","哔哩"]}},
{"name":"365","type":0,"url": "https://chaxun.truechat365.com/?url=","ext":{"flag":["qq","腾讯","qiyi","iqiyi","爱奇艺","奇艺","youku","优酷","mgtv","芒果","letv","乐视","pptv","PPTV","sohu","bilibili","哔哩哔哩","哔哩"]}},
{"name":"parwix稳定","type": 0,"url": "https://jx.bozrc.com:4433/player/?url=","ext":{"flag":["qq","腾讯","qiyi","iqiyi","爱奇艺","奇艺","youku","优酷","mgtv","芒果","letv","乐视","pptv","PPTV","sohu","bilibili","哔哩哔哩","哔哩"]}},
{"name":"parwix1","type":0,"url":"https://jx.parwix.com:4433/player/?url=","ext":{"flag":["qq","腾讯","qiyi","iqiyi","爱奇艺","奇艺","youku","优酷","mgtv","芒果","letv","乐视","pptv","PPTV","sohu","bilibili","哔哩哔哩","哔哩"]}},
{"name":"parwix2","type":0,"url":"https://jx.parwix.com:4433/player/analysis.php?v=","ext":{"flag":["qq","腾讯","qiyi","iqiyi","爱奇艺","奇艺","youku","优酷","mgtv","芒果","letv","乐视","pptv","PPTV","sohu","bilibili","哔哩哔哩","哔哩"]}},
{"name":"8old","type":0,"url":"https://www.m3u8.tv.cdn.8old.cn/jx.php?url=","ext":{"flag":["qq","腾讯","qiyi","iqiyi","爱奇艺","奇艺","youku","优酷","mgtv","芒果","letv","乐视","pptv","PPTV","sohu","bilibili","哔哩哔哩","哔哩"]}},
{"name":"OK解析","type": 0,"url": "https://okjx.cc/?url=","ext":{"flag":["qq","腾讯","qiyi","iqiyi","爱奇艺","奇艺","youku","优酷","mgtv","芒果","letv","乐视","pptv","PPTV","sohu","bilibili","哔哩哔哩","哔哩"]}},
{"name":"m3u8","type": 0,"url": "https://jx.m3u8.tv/jiexi/?url=","ext":{"flag":["qq","腾讯","qiyi","iqiyi","爱奇艺","奇艺","youku","优酷","mgtv","芒果","letv","乐视","pptv","PPTV","sohu","bilibili","哔哩哔哩","哔哩"]}},
{"name":"醉仙","type":0,"url":"https://jx.zui.cm/?url=","ext":{"flag":["qq","腾讯","qiyi","iqiyi","爱奇艺","奇艺","youku","优酷","mgtv","芒果","letv","乐视","pptv","PPTV","sohu","bilibili","哔哩哔哩","哔哩"]}},
{"name":"1907","type":1,"url":"https://z1.m1907.cn/?jx=","ext":{"flag":["qq","腾讯","qiyi","iqiyi","爱奇艺","奇艺","youku","优酷","mgtv","芒果","letv","乐视","pptv","PPTV","sohu","bilibili","哔哩哔哩","哔哩"]}},
{"name":"思古","type":1,"url":"https://jsap.attakids.com/?url=","ext":{"flag":["qq","腾讯","qiyi","iqiyi","爱奇艺","奇艺","youku","优酷","mgtv","芒果","letv","乐视","pptv","PPTV","sohu","bilibili","哔哩哔哩","哔哩"]}},
{"name":"爱豆","type":1,"url":"https://jx.aidouer.net/?url=","ext":{"flag":["qq","腾讯","qiyi","iqiyi","爱奇艺","奇艺","youku","优酷","mgtv","芒果","letv","乐视","pptv","PPTV","sohu","bilibili","哔哩哔哩","哔哩"]}},
{"name":"虾米","type":1,"url":"https://jx.xmflv.com/?url=","ext":{"flag":["qq","腾讯","qiyi","iqiyi","爱奇艺","奇艺","youku","优酷","mgtv","芒果","letv","乐视","pptv","PPTV","sohu","bilibili","哔哩哔哩","哔哩"]}},
{"name":"夜幕","type":1,"url":"https://www.yemu.xyz/?url=","ext":{"flag":["qq","腾讯","qiyi","iqiyi","爱奇艺","奇艺","youku","优酷","mgtv","芒果","letv","乐视","pptv","PPTV","sohu","bilibili","哔哩哔哩","哔哩"]}},
{"name":"人人迷","type":1,"url":"https://jx.blbo.cc:4433/?url=","ext":{"flag":["qq","腾讯","qiyi","iqiyi","爱奇艺","奇艺","youku","优酷","mgtv","芒果","letv","乐视","pptv","PPTV","sohu","bilibili","哔哩哔哩","哔哩"]}},
{"name":"冰豆","type":1,"url":"https://api.qianqi.net/vip/?url=","ext":{"flag":["qq","腾讯","qiyi","iqiyi","爱奇艺","奇艺","youku","优酷","mgtv","芒果","letv","乐视","pptv","PPTV","sohu","bilibili","哔哩哔哩","哔哩"]}},
{"name":"CK","type":1,"url":"https://www.ckplayer.vip/jiexi/?url=","ext":{"flag":["qq","腾讯","qiyi","iqiyi","爱奇艺","奇艺","youku","优酷","mgtv","芒果","letv","乐视","pptv","PPTV","sohu","bilibili","哔哩哔哩","哔哩"]}},
{"name":"playerjy/B站","type":1,"url":"https://jx.playerjy.com/?url=","ext":{"flag":["qq","腾讯","qiyi","iqiyi","爱奇艺","奇艺","youku","优酷","mgtv","芒果","letv","乐视","pptv","PPTV","sohu","bilibili","哔哩哔哩","哔哩"]}},
{"name":"ccyjjd","type":1,"url":"https://ckmov.ccyjjd.com/ckmov/?url=","ext":{"flag":["qq","腾讯","qiyi","iqiyi","爱奇艺","奇艺","youku","优酷","mgtv","芒果","letv","乐视","pptv","PPTV","sohu","bilibili","哔哩哔哩","哔哩"]}},
{"name":"诺诺","type":1,"url":"https://www.ckmov.com/?url=","ext":{"flag":["qq","腾讯","qiyi","iqiyi","爱奇艺","奇艺","youku","优酷","mgtv","芒果","letv","乐视","pptv","PPTV","sohu","bilibili","哔哩哔哩","哔哩"]}},
{"name":"BL","type":1,"url":"https://vip.bljiex.com/?v=","ext":{"flag":["qq","腾讯","qiyi","iqiyi","爱奇艺","奇艺","youku","优酷","mgtv","芒果","letv","乐视","pptv","PPTV","sohu","bilibili","哔哩哔哩","哔哩"]}},
{"name":"解析la","type":1,"url":"https://api.jiexi.la/?url=","ext":{"flag":["qq","腾讯","qiyi","iqiyi","爱奇艺","奇艺","youku","优酷","mgtv","芒果","letv","乐视","pptv","PPTV","sohu","bilibili","哔哩哔哩","哔哩"]}},
{"name":"MAO","type":1,"url":"https://www.mtosz.com/m3u8.php?url=","ext":{"flag":["qq","腾讯","qiyi","iqiyi","爱奇艺","奇艺","youku","优酷","mgtv","芒果","letv","乐视","pptv","PPTV","sohu","bilibili","哔哩哔哩","哔哩"]}},
{"name":"老板","type":1,"url":"https://vip.laobandq.com/jiexi.php?url=","ext":{"flag":["qq","腾讯","qiyi","iqiyi","爱奇艺","奇艺","youku","优酷","mgtv","芒果","letv","乐视","pptv","PPTV","sohu","bilibili","哔哩哔哩","哔哩"]}},
{"name":"盘古","type":1,"url":"http://www.pangujiexi.cc/jiexi.php?url=","ext":{"flag":["qq","腾讯","qiyi","iqiyi","爱奇艺","奇艺","youku","优酷","mgtv","芒果","letv","乐视","pptv","PPTV","sohu","bilibili","哔哩哔哩","哔哩"]}},
{"name":"盖世","type":1,"url":"https://www.gai4.com/?url=","ext":{"flag":["qq","腾讯","qiyi","iqiyi","爱奇艺","奇艺","youku","优酷","mgtv","芒果","letv","乐视","pptv","PPTV","sohu","bilibili","哔哩哔哩","哔哩"]}},
{"name":"0523","type":1,"url":"https://go.yh0523.cn/y.cy?url=","ext":{"flag":["qq","腾讯","qiyi","iqiyi","爱奇艺","奇艺","youku","优酷","mgtv","芒果","letv","乐视","pptv","PPTV","sohu","bilibili","哔哩哔哩","哔哩"]}},
{"name":"17云","type":1,"url":"https://www.1717yun.com/jx/ty.php?url=","ext":{"flag":["qq","腾讯","qiyi","iqiyi","爱奇艺","奇艺","youku","优酷","mgtv","芒果","letv","乐视","pptv","PPTV","sohu","bilibili","哔哩哔哩","哔哩"]}},
{"name":"4K","type":1,"url":"https://jx.4kdv.com/?url=","ext":{"flag":["qq","腾讯","qiyi","iqiyi","爱奇艺","奇艺","youku","优酷","mgtv","芒果","letv","乐视","pptv","PPTV","sohu","bilibili","哔哩哔哩","哔哩"]}},
{"name":"8090","type":1,"url":"https://www.8090g.cn/?url=","ext":{"flag":["qq","腾讯","qiyi","iqiyi","爱奇艺","奇艺","youku","优酷","mgtv","芒果","letv","乐视","pptv","PPTV","sohu","bilibili","哔哩哔哩","哔哩"]}},
{"name":"江湖","type":1,"url":"https://api.jhdyw.vip/?url=","ext":{"flag":["qq","腾讯","qiyi","iqiyi","爱奇艺","奇艺","youku","优酷","mgtv","芒果","letv","乐视","pptv","PPTV","sohu","bilibili","哔哩哔哩","哔哩"]}},
{"name":"诺讯","type":1,"url":"https://www.nxflv.com/?url=","ext":{"flag":["qq","腾讯","qiyi","iqiyi","爱奇艺","奇艺","youku","优酷","mgtv","芒果","letv","乐视","pptv","PPTV","sohu","bilibili","哔哩哔哩","哔哩"]}},
{"name":"PM","type":1,"url":"https://www.playm3u8.cn/jiexi.php?url=","ext":{"flag":["qq","腾讯","qiyi","iqiyi","爱奇艺","奇艺","youku","优酷","mgtv","芒果","letv","乐视","pptv","PPTV","sohu","bilibili","哔哩哔哩","哔哩"]}}
  ],
"wallpaper":"https://picsum.photos/1280/720/?blur=10",
"spider":"https://raw.iqiq.io/liu673cn/box/main/sub/jar/2925.jar;md5;3BBE25C7A4BC9DD927D24258686517E1",
//"spider":"clan://TVBox/jar/xzy1029.jar",
"lives": [{"group": "redirect","channels": [{"name": "redirect","urls": [
"proxy://do=live&type=txt&ext=aHR0cDovLzl4aTRvLnRrL3N1Yi9teXR2LnR4dA=="
]}]}],
"flags":["youku","qq","iqiyi","qiyi","letv","sohu","tudou","pptv","mgtv","wasu","bilibili","renrenmi"],
"ijk":[
{"group":"软解码","options":[
{"category":4,"name":"opensles","value":"0"},
{"category":4,"name":"overlay-format","value":"842225234"},
{"category":4,"name":"framedrop","value":"1"},
{"category":4,"name":"soundtouch","value":"1"},
{"category":4,"name":"start-on-prepared","value":"1"},
{"category":1,"name":"http-detect-range-support","value":"0"},
{"category":1,"name":"fflags","value":"fastseek"},
{"category":2,"name":"skip_loop_filter","value":"48"},
{"category":4,"name":"reconnect","value":"1"},
{"category":4,"name":"enable-accurate-seek","value":"0"},
{"category":4,"name":"mediacodec","value":"0"},
{"category":4,"name":"mediacodec-auto-rotate","value":"0"},
{"category":4,"name":"mediacodec-handle-resolution-change","value":"0"},
{"category":4,"name":"mediacodec-hevc","value":"0"},
{"category":1,"name":"dns_cache_timeout","value":"600000000"}]},
{"group":"硬解码","options":[
{"category":4,"name":"opensles","value":"0"},
{"category":4,"name":"overlay-format","value":"842225234"},
{"category":4,"name":"framedrop","value":"1"},
{"category":4,"name":"soundtouch","value":"1"},
{"category":4,"name":"start-on-prepared","value":"1"},
{"category":1,"name":"http-detect-range-support","value":"0"},
{"category":1,"name":"fflags","value":"fastseek"},
{"category":2,"name":"skip_loop_filter","value":"48"},
{"category":4,"name":"reconnect","value":"1"},
{"category":4,"name":"enable-accurate-seek","value":"0"},
{"category":4,"name":"mediacodec","value":"1"},
{"category":4,"name":"mediacodec-auto-rotate","value":"1"},
{"category":4,"name":"mediacodec-handle-resolution-change","value":"1"},
{"category":4,"name":"mediacodec-hevc","value":"1"},
{"category":1,"name":"dns_cache_timeout","value":"600000000"}]}],
"ads":["mimg.0c1q0l.cn","www.googletagmanager.com","www.google-analytics.com","mc.usihnbcq.cn","mg.g1mm3d.cn","mscs.svaeuzh.cn","cnzz.hhttm.top","tp.vinuxhome.com","cnzz.mmstat.com","www.baihuillq.com","s23.cnzz.com","z3.cnzz.com","c.cnzz.com","stj.v1vo.top","z12.cnzz.com","img.mosflower.cn","tips.gamevvip.com","ehwe.yhdtns.com","xdn.cqqc3.com","www.jixunkyy.cn","sp.chemacid.cn","hm.baidu.com","s9.cnzz.com","z6.cnzz.com","um.cavuc.com","mav.mavuz.com","wofwk.aoidf3.com","z5.cnzz.com","xc.hubeijieshikj.cn","tj.tianwenhu.com","xg.gars57.cn","k.jinxiuzhilv.com","cdn.bootcss.com","ppl.xunzhuo123.com","xomk.jiangjunmh.top","img.xunzhuo123.com","z1.cnzz.com","s13.cnzz.com","xg.huataisangao.cn","z7.cnzz.com","xg.huataisangao.cn","z2.cnzz.com","s96.cnzz.com","q11.cnzz.com","thy.dacedsfa.cn","xg.whsbpw.cn","s19.cnzz.com","z8.cnzz.com","s4.cnzz.com","f5w.as12df.top","ae01.alicdn.com","www.92424.cn","k.wudejia.com","vivovip.mmszxc.top","qiu.xixiqiu.com","cdnjs.hnfenxun.com","cms.qdwght.com"]
}
