{
"作者":"20220924",
"站名":"六度TV(xBPQ)",
//"请求头":"Mozilla/5.0 (Windows NT 10.0; Win64; x64) AppleWebKit/537.36 (KHTML, like Gecko) Chrome/105.0.0.0 Safari/537.36 Edg/105.0.1343.42",
"请求头":"电脑",
"免嗅":"0",
"副标题":"pic-text text-right\">&&</span",

"导演":"导演：&&</p",
"主演":"主演：&&</p",
"简介":"detail-content\"&&</span",

"线路数组":"href=\"#play_&&/a>",
"线路标题":">&&<",
"播放数组":"class=\"stui-content__playlist&&</div>",
//"播放列表": "<a&&/a>",
"播放标题": "_self\">&&<",
"播放链接": "href='&&'",

"分类":"电视剧$2#动漫$3#电影$1#综艺$4#全网资源$5",
"分类url":"http://6d.wpwpzm.cn/whole/{cateId}_{area}_{class}__{year}___0_{by}_{catePg}.html",

"搜索url":"http://6d.wpwpzm.cn/?c=search&wd={wd}",
"搜索模式":"1",
"搜索二次截取":"",
"搜索数组":"lazyload\"&&<span",
"搜索图片":"data-original=\"&&\"",
"搜索标题":"title=\"&&\"",
"搜索链接":"href=\"&&\"",
"搜索链接前缀":"",

"年份":"2000-2022",
"排序":"时间$id#人气$hits",
"筛选":"1"
}
