{
  "作者": "菜妮丝https://cainisi.cf",
  "站名": "剧白白",
  "主页url": "https://www.jubaibai.me",
  
  "分类": "电影&电视剧&综艺&动漫&纪录片",
  "分类值": "dianying&dianshiju&zongyi&dongman&jilupian",
  
  "分类url": "https://www.jubaibai.me/vodshow{area}{by}{class}/id/{cateId}/page/{catePg}{year}.html",
  
  "数组": "vodlist__box\">&&</a>",
  "副标题": "pic-text text-right\"><b>&&</b>",
  
  "搜索模式": "0",
  "搜索后缀": "/vod/",
  
  "影片年代": "年份：&&</p>",
  "影片地区": "地区：&&/",
  "影片类型": "类型：&&/",
  "导演": "导演：&&</p>",
  "主演": "主演：&&</p>",
  "简介": "display: none;\">&&</span>",
  
  "线路数组": "data-toggle=&&</li>",
  "线路标题": ">&&<",
  
  "播放数组": "sort-list\">&&</ul>",
  
  "筛选":{
"dianying":[
  {"key":"cateId","name":"类型","value":[
  {"n":"全部","v":"dianying"},
  {"n":"动作片","v":"dongzuopian"},
  {"n":"喜剧片","v":"xijupian"},
  {"n":"爱情片","v":"aiqingpian"},
  {"n":"科幻片","v":"kehuanpian"},
  {"n":"恐怖片","v":"kongbupian"},
  {"n":"剧情片","v":"juqingpian"},
  {"n":"战争片","v":"zhanzhengpian"},
  {"n":"动画片","v":"donghua"}]},
  
  {"key":"class","name":"剧情","value":[
  {"n":"全部","v":""},
  {"n":"Netflix","v":"/class/Netflix"},
  {"n":"喜剧","v":"/class/喜剧"},
  {"n":"爱情","v":"/class/爱情"},
  {"n":"恐怖","v":"/class/恐怖"},
  {"n":"动作","v":"/class/动作"},
  {"n":"科幻","v":"/class/科幻"},
  {"n":"剧情","v":"/class/剧情"},
  {"n":"战争","v":"/class/战争"},
  {"n":"纪录片","v":"/class/纪录片"},
  {"n":"犯罪","v":"/class/犯罪"},
  {"n":"动画","v":"/class/动画"},
  {"n":"奇幻","v":"/class/奇幻"},
  {"n":"武侠","v":"/class/武侠"},
  {"n":"冒险","v":"/class/冒险"},
  {"n":"枪战","v":"/class/枪战"},
  {"n":"恐怖","v":"/class/恐怖"},
  {"n":"悬疑","v":"/class/悬疑"},
  {"n":"惊悚","v":"/class/惊悚"},
  {"n":"经典","v":"/class/经典"},
  {"n":"青春","v":"/class/青春"},
  {"n":"文艺","v":"/class/文艺"},
  {"n":"微电影","v":"/class/微电影"},
  {"n":"古装","v":"/class/古装"},
  {"n":"历史","v":"/class/历史"},
  {"n":"运动","v":"/class/运动"},
  {"n":"儿童","v":"/class/儿童"},
  {"n":"网络电影","v":"/class/网络电影"}]},
  
  {"key":"area","name":"地区","value":[
  {"n":"全部","v":""},
  {"n":"中国大陆","v":"/area/中国大陆"},
  {"n":"中国香港","v":"/area/中国香港"},
  {"n":"中国台湾","v":"/area/中国台湾"},
  {"n":"美国","v":"/area/美国"},
  {"n":"韩国","v":"/area/韩国"},
  {"n":"日本","v":"/area/日本"},
  {"n":"泰国","v":"/area/泰国"},
  {"n":"新加坡","v":"/area/新加坡"},
  {"n":"马来西亚","v":"/area/马来西亚"},
  {"n":"印度","v":"/area/印度"},
  {"n":"英国","v":"/area/英国"},
  {"n":"法国","v":"/area/法国"},
  {"n":"德国","v":"/area/德国"},
  {"n":"加拿大","v":"/area/加拿大"},
  {"n":"西班牙","v":"/area/西班牙"},
  {"n":"俄罗斯","v":"/area/俄罗斯"},
  {"n":"其它","v":"/area/其它"}]},
  
  {"key":"year","name":"年份","value":[
  {"n":"全部","v":""},
  {"n":"2022","v":"/year/2022"},
  {"n":"2021","v":"/year/2021"},
  {"n":"2020","v":"/year/2020"},
  {"n":"2019","v":"/year/2019"},
  {"n":"2018","v":"/year/2018"},
  {"n":"2017","v":"/year/2017"},
  {"n":"2016","v":"/year/2016"},
  {"n":"2015","v":"/year/2015"},
  {"n":"2014","v":"/year/2014"},
  {"n":"2013","v":"/year/2013"},
  {"n":"2012","v":"/year/2012"},
  {"n":"2011","v":"/year/2011"},
  {"n":"2010","v":"/year/2010"},
  {"n":"2009","v":"/year/2009"},
  {"n":"2008","v":"/year/2008"},
  {"n":"2007","v":"/year/2007"},
  {"n":"2006","v":"/year/2006"},
  {"n":"2005","v":"/year/2005"},
  {"n":"2004","v":"/year/2004"},
  {"n":"2003","v":"/year/2003"},
  {"n":"2002","v":"/year/2002"},
  {"n":"2001","v":"/year/2001"},
  {"n":"2000","v":"/year/2000"},
  {"n":"1990","v":"/year/1990"},
  {"n":"1980","v":"/year/1980"},
  {"n":"1970","v":"/year/1970"},
  {"n":"1960","v":"/year/1960"},
  {"n":"1950","v":"/year/1950"}]},
  
  {"key":"by","name":"排序","value":[
  {"n":"时间","v":"/by/time"},
  {"n":"人气","v":"/by/hits"},
  {"n":"评分","v":"/by/score"}]}],
  
"dianshiju":[
  {"key":"cateId","name":"类型","value":[
  {"n":"全部","v":"dianshiju"},
  {"n":"国产剧","v":"guochanju"},
  {"n":"港台剧","v":"gangtaiju"},
  {"n":"日韩剧","v":"rihanju"},
  {"n":"欧美剧","v":"oumeiju"},
  {"n":"泰国剧","v":"taiguoju"}]},
  
  {"key":"class","name":"剧情","value":[
  {"n":"全部","v":""},
  {"n":"Netflix","v":"/class/Netflix"},
  {"n":"爱情","v":"/class/爱情"},
  {"n":"言情","v":"/class/言情"},
  {"n":"都市","v":"/class/都市"},
  {"n":"家庭","v":"/class/家庭"},
  {"n":"纪录片","v":"/class/纪录片"},
  {"n":"战争","v":"/class/战争"},
  {"n":"喜剧","v":"/class/喜剧"},
  {"n":"古装","v":"/class/古装"},
  {"n":"武侠","v":"/class/武侠"},
  {"n":"偶像","v":"/class/偶像"},
  {"n":"历史","v":"/class/历史"},
  {"n":"悬疑","v":"/class/悬疑"},
  {"n":"科幻","v":"/class/科幻"},
  {"n":"冒险","v":"/class/冒险"},
  {"n":"惊悚","v":"/class/惊悚"},
  {"n":"犯罪","v":"/class/犯罪"},
  {"n":"运动","v":"/class/运动"},
  {"n":"真人秀","v":"/class/真人秀"},
  {"n":"恐怖","v":"/class/恐怖"},
  {"n":"剧情","v":"/class/剧情"},
  {"n":"奇幻","v":"/class/奇幻"},
  {"n":"脱口秀","v":"/class/脱口秀"},
  {"n":"灾难","v":"/class/灾难"},
  {"n":"动作","v":"/class/动作"}]},
  
  {"key":"area","name":"地区","value":[
  {"n":"全部","v":""},
  {"n":"中国大陆","v":"/area/中国大陆"},
  {"n":"中国香港","v":"/area/中国香港"},
  {"n":"中国台湾","v":"/area/中国台湾"},
  {"n":"美国","v":"/area/美国"},
  {"n":"韩国","v":"/area/韩国"},
  {"n":"日本","v":"/area/日本"},
  {"n":"泰国","v":"/area/泰国"},
  {"n":"新加坡","v":"/area/新加坡"},
  {"n":"马来西亚","v":"/area/马来西亚"},
  {"n":"印度","v":"/area/印度"},
  {"n":"英国","v":"/area/英国"},
  {"n":"法国","v":"/area/法国"},
  {"n":"德国","v":"/area/德国"},
  {"n":"加拿大","v":"/area/加拿大"},
  {"n":"西班牙","v":"/area/西班牙"},
  {"n":"俄罗斯","v":"/area/俄罗斯"},
  {"n":"其它","v":"/area/其它"}]},
  
  {"key":"year","name":"年份","value":[
  {"n":"全部","v":""},
  {"n":"2022","v":"/year/2022"},
  {"n":"2021","v":"/year/2021"},
  {"n":"2020","v":"/year/2020"},
  {"n":"2019","v":"/year/2019"},
  {"n":"2018","v":"/year/2018"},
  {"n":"2017","v":"/year/2017"},
  {"n":"2016","v":"/year/2016"},
  {"n":"2015","v":"/year/2015"},
  {"n":"2014","v":"/year/2014"},
  {"n":"2013","v":"/year/2013"},
  {"n":"2012","v":"/year/2012"},
  {"n":"2011","v":"/year/2011"},
  {"n":"2010","v":"/year/2010"},
  {"n":"2009","v":"/year/2009"},
  {"n":"2008","v":"/year/2008"},
  {"n":"2007","v":"/year/2007"},
  {"n":"2006","v":"/year/2006"},
  {"n":"2005","v":"/year/2005"},
  {"n":"2004","v":"/year/2004"},
  {"n":"2003","v":"/year/2003"},
  {"n":"2002","v":"/year/2002"},
  {"n":"2001","v":"/year/2001"},
  {"n":"2000","v":"/year/2000"},
  {"n":"1990","v":"/year/1990"},
  {"n":"1980","v":"/year/1980"},
  {"n":"1970","v":"/year/1970"},
  {"n":"1960","v":"/year/1960"},
  {"n":"1950","v":"/year/1950"}]},
  
  {"key":"by","name":"排序","value":[
  {"n":"时间","v":"/by/time"},
  {"n":"人气","v":"/by/hits"},
  {"n":"评分","v":"/by/score"}]}],
  
"dongman":[
  {"key":"class","name":"剧情","value":[
  {"n":"全部","v":""},
  {"n":"Netflix","v":"/class/Netflix"},
  {"n":"动画","v":"/class/动画"},
  {"n":"武侠","v":"/class/武侠"},
  {"n":"奇幻","v":"/class/奇幻"},
  {"n":"动作","v":"/class/动作"},
  {"n":"爱情","v":"/class/爱情"},
  {"n":"剧情","v":"/class/剧情"},
  {"n":"战争","v":"/class/战争"},
  {"n":"喜剧","v":"/class/喜剧"},
  {"n":"科幻","v":"/class/科幻"},
  {"n":"古装","v":"/class/古装"},
  {"n":"冒险","v":"/class/冒险"},
  {"n":"悬疑","v":"/class/悬疑"},
  {"n":"热血","v":"/class/热血"},
  {"n":"搞笑","v":"/class/搞笑"},
  {"n":"家庭","v":"/class/家庭"},
  {"n":"历史","v":"/class/历史"},
  {"n":"歌舞","v":"/class/歌舞"}]},
  
  {"key":"area","name":"地区","value":[
  {"n":"全部","v":""},
  {"n":"中国大陆","v":"/area/中国大陆"},
  {"n":"日本","v":"/area/日本"},
  {"n":"欧美","v":"/area/欧美"},
  {"n":"其他","v":"/area/其他"}]},
  
  {"key":"year","name":"年份","value":[
  {"n":"全部","v":""},
  {"n":"2022","v":"/year/2022"},
  {"n":"2021","v":"/year/2021"},
  {"n":"2020","v":"/year/2020"},
  {"n":"2019","v":"/year/2019"},
  {"n":"2018","v":"/year/2018"},
  {"n":"2017","v":"/year/2017"},
  {"n":"2016","v":"/year/2016"},
  {"n":"2015","v":"/year/2015"},
  {"n":"2014","v":"/year/2014"},
  {"n":"2013","v":"/year/2013"},
  {"n":"2012","v":"/year/2012"},
  {"n":"2011","v":"/year/2011"},
  {"n":"2010","v":"/year/2010"},
  {"n":"2009","v":"/year/2009"},
  {"n":"2008","v":"/year/2008"},
  {"n":"2007","v":"/year/2007"},
  {"n":"2006","v":"/year/2006"},
  {"n":"2005","v":"/year/2005"},
  {"n":"2004","v":"/year/2004"},
  {"n":"2003","v":"/year/2003"},
  {"n":"2002","v":"/year/2002"},
  {"n":"2001","v":"/year/2001"},
  {"n":"2000","v":"/year/2000"},
  {"n":"1990","v":"/year/1990"},
  {"n":"1980","v":"/year/1980"},
  {"n":"1970","v":"/year/1970"},
  {"n":"1960","v":"/year/1960"},
  {"n":"1950","v":"/year/1950"}]},
  
  {"key":"by","name":"排序","value":[
  {"n":"时间","v":"/by/time"},
  {"n":"人气","v":"/by/hits"},
  {"n":"评分","v":"/by/score"}]}]}
}