{
"调试":"",
"站名":"土狗影院",
"起始页":"1",
"主页url":"https://www.tgys.life/",
"分类url": "https://www.tgys.life/vodshow/{cateId}-{area}-{by}-{class}-{lang}-------{year}.html",    
"分类": "电影&电视剧&综艺&动漫",
"分类值": "1&2&3&4",
"ua": "",
"直接播放": "",
"图片代理":"",
"头部集合":"",
"热门推荐":"1",
//"数组":"<a&&<i class=\"icon-play",
"图片":"data-original=\"&&\"",
"标题":"title=\"&&\"",
"链接":"href=\"&&\"",//方法二[替换:*>>+/vodplay/+/voddetail/&&/+-1-1/]",
//"链接前缀": "https://www.i8k.cc",
//"链接后缀": "-1-1/",
"搜索url":"https://www.tgys.life/vodsearch/{wd}----------2---.html",
//"搜索模式":"1",
//"搜索图片":"data-original=\"&&\"",
//"搜索标题":"title=\"&&\"",
//"搜索链接":"href=\"&&\"[替换:*>>+/vodplay/+/voddetail/&&/+-1-1/]",
//"搜索后缀":"/v/",
//"副标题":"<span class=\"sNum\">&&</span>",
//"线路二次截取":"<div class=\"mdui-panel vod_play_list&&<div class=\"info_text",
"线路数组":"<div class=\"module-tab-item tab-item&&</div>",
"线路标题":"<span>&&</",
"状态":"",
"导演":"",
//"主演":"主演：*>&&</a>",
"简介":"<p>&&</p>",
"免嗅":"1",
//"强制解析":"0",
//"嗅探词":".m3u8",
"过滤词": "",
"播放数组":"<div class=\"module-play-list&&</div>"
//"播放二次截取":"<div class=\"mdui-panel vod_play_list&&<div class=\"mdui-float-right\""
//"播放列表":"<a &&</a>",
//"播放标题":">&&</a>",
//"播放链接":"href=\"&&\""
//"排序":"时间$time#人气$score",

}