{
    "站名": "石榴电影",
    "首页": "电影",
    "分类url": "https://hei19.com/catalog?column={cateId}&sort=1&per_page=72&page={catePg}",
//注释部分都可省略
//    "分类": "电影&电视剧&综艺&动漫",
//    "分类值": "1&2&3&4",
    "二次截取": "type=\"application/json\">&&</script>",//截取整个json
    "数组": "props.pageProps.mediaData.data[]",//截取整个json，就要带完整路径，json数组处于最后位置时，[]可以省略
//    "图片": "cover",
//    "标题": "name",
//    "链接": "id",
//    "副标题": "score",
    "链接前缀": "https://hei19.com/detail/",
    "搜索url": "https://hei19.com/search?type=1&keywords={wd}",
    "搜索二次截取": "searchMovieList\":&&,\"searchStarList",
    "搜索数组": "data",
//    "搜索图片": "pic",
//    "搜索标题": "name",
//    "搜索链接": "id",
    "搜索链接前缀": "https://hei19.com/detail/",
    "播放二次截取": "videoDetail\":&&,\"recommendList",//截取部分json
    "影片类型":"videoinfo.type",
    "影片年代":"videoinfo.year",
    "影片地区":"videoinfo.area",
    "导演":"videoinfo.director[].name(💞️)",
    "主演":"videoinfo.starring[].name(💞)",
//videoinfo.starring[].name(💞)，表示取json对象"videoinfo"的json数组"director"的所有json对象的name属性值，()内容表示用💞分隔。
//json数组可用下标指定，starring[3]表示数组中第三个json对象，starring[3,]表示数组中第三至最后json对象，starring[,3]表示数组中第一至第三json对象，starring[2,5]表示数组中第二至第五json对象。
//处于中间位置的json数组，[]不能省略。
    "简介":"videoinfo.introduction",
    "播放列表": "videoepisode.data[]"//处于最后位置的json数组，[]可以省略
//    "播放标题": "name",
//    "播放链接": "url",
//    "嗅探词": ".mp4#.m3u8#.flv",
//    "过滤词": ".html#=http"
}