{
"作者":"张弘",
"站名":"秋霞影视",
"主页url":"https://www.7xiady.cc/",
"热门推荐":"1",
"图片":"data-original=\"&&\"",
"数组":"<li class=\"stui-vodlist__item\">&&</li>",
"标题":"title=\"&&\"",
"链接":"href=\"&&\"",
"副标题":"<span class=\"pic-text text-right\">&&</span>",
"搜索url":"https://www.7xiady.cc/{wd}----------{pg}---/",
"搜索模式":"1",
"搜索数组":"<li>&&</li>",
"搜索图片":"data-original=\"&&\"",
"搜索标题":"title=\"&&\"",
"搜索链接":"href=\"&&\"",
"搜索后缀":"/index.php/detail/",
"分类":"电影$dianying#电视剧$lianxuju#动漫$dongman#综艺$zongyi",
"线路数组":"<div class=\"stui-pannel__head bottom-line active clearfix\">&&</div>",
"状态":"类型：&&</p>",
"导演":"导演：&&</p>",
"主演":"主演：&&</p>",
"简介":"简介：&&</p>",
"线路标题":"<h3 class=\"title\"&&</h3>",
"播放数组":"<ul class=\"stui-content__playlist clearfix\">&&</ul>",
"播放列表":"<a&&/a>",
"播放标题":">&&<",
"播放链接":"href=\"&&\"",
"分类url":"https://www.7xiady.cc/show/{cateId}-{area}-{by}-{class}-----{catePg}---{year}/",
"免嗅":"1",
"筛选":"1"
}