{
"作者":"张弘",
"站名":"豆角网",
"主页url":"https://m.doujiaow4.com/",
"图片代理":"1",
"头部集合":"",
"热门推荐":"1",
"数组":"class=\"con\">&&</div>",
"图片":"data-src=\"&&\"",
"标题":"title=\"&&\"",
"链接":"href=\"&&\"",
"副标题":"<span class=\"sNum\">&&</span>",
"线路二次截取":"<dt class=\"tabt3\"&&</dt>",
"线路数组":"<span&&/span>",
"线路标题":">&&<",
"搜索url":"https://m.doujiaow4.com/index.php?m=vod-search&wd={wd}",
"搜索链接前缀":"https://m.doujiaow4.com",
"搜索链接后缀":"",
"搜索模式":"0",
"搜索数组":"class=\"pic\"&&</div>",
"搜索图片":"data-src=\"&&\"",
"搜索标题":"title=\"&&\"",
"搜索链接":"href=\"&&\"",
"播放数组":"<ul class=\"ulNumList clearfix list_1\"&&</ul>",
"状态":"地区&&</span>",
"导演":"导演：&&</span>",
"主演":"主演：&&</span>",
"简介":"剧情:&&</p>",
"播放列表":"<li>&&</li>",
"播放标题":">&&</a>",
"播放链接":"href=\"&&\"",
"分类":"电影$1#电视剧$2#动漫$4#综艺$3",
"类型":"1--动作片$5#喜剧片$6#爱情片$7#科幻片$8#恐怖片$9#剧情片$10#战争片$11||2--国产剧$12#港剧$13#台剧$14#韩剧$15#美剧$16#日剧$17#海外剧$18#泰剧$26||4--动漫剧集$37#动漫电影$35||",
"分类url":"https://m.doujiaow4.com/index.php?m=vod-list-id-{cateId}-pg-{catePg}-order--by-{by}-class-{class}-year-{year}-letter--area-{area}-lang-.html",
"排序":"时间$time#人气$score",
"筛选":"1"
}