{
"站名":"香蕉国产传媒",
"主页url":"https://avss.vip/gccm/",
"直接播放":"1",
"分类":"麻豆原创$91-madouyuanchuang#91制片厂$91-91zhipianchang#糖心Vlgo$91-tangxinVlgo#天美传媒$91-tianmeichuanmei#蜜桃传媒$91-mitaochuanmei#皇家华人$91-huangjiahuaren#星空传媒$91-xingkongchuanmei#精东影业$91-jingdongyingye#乐播传媒$91-lebochuanmei#乌鸦传媒$91-wuyachuanmei#兔子先生$91-tuzixiansheng#杏吧原创$91-xingbayuanchuang#MINI传媒$91-minichuanmei#大象传媒$91-daxiangchuanmei#开心鬼传媒$91-kaixinguichuanmei#PsychoPorn$91-PsychoPorn",
"数组":"<div class=\"item\"&&</div>",
"图片":"data-original=\"&&\"",
"标题":"title=\"&&\"",
"链接":"href=\"/gccm/p-&&.html\"",
"链接前缀":"https://avss.vip/gccm/pplay-",
"链接后缀": "-1-1.html",
"线路数组":"button-rounded&&/a>",
"线路标题":">&&<",
"搜索数组":"<div class=\"item\"&&</div>",
"搜索图片": "data-original=\"&&\"",
"搜索标题":"title=\"&&\"",
"搜索链接": "href=\"/gccm/p-&&.html\"",
"搜索链接前缀":"https://avss.vip/gccm/pplay-",
"搜索链接后缀":"-1-1.html",
"搜索模式": "1",
"搜索url":"https://avss.vip/gccm/vod/search/wd/{wd}.html",
"分类url":"https://avss.vip/gccm/{cateId}-{catePg}.html",
"免嗅":"0",
"嗅探词":".m3u8#.mp4#.flv#.m4a#.avi#.mkv#.mov#.3gp#.asf#.rm#.rmvb#.wmv#.mpg#.mpeg#.mpe#.ts#.vob#.mp3#.wma"
}