{"站名": "新视觉影视","主页url": "https://www.6080dy2.com","热门推荐": "1","起始页": "1","数组": "class=\"module-item-pic\">&&<span class","图片": "data-src=\"&&\"","标题": "title=\"&&\"","副标题": "<span>&&</span>","链接": "href=\"&&\"","线路数组": "module-tab-item tab-item\"&&</div>[排序:蓝光专线①>在线观看>蓝光专享1]","线路标题": "<span>&&</small>","状态": "上映：&&</div>","导演": "导演：&&</div>","主演": "主演：&&</div>","简介": "剧情:&&/>","播放数组": "<div class=\"module-blocklist\">&&</div>","播放列表": "<a&&</a>","播放标题": "<span>&&</span>","播放链接": "href=\"&&\"","免嗅": "1","分类url": "https://www.6080dy2.com/vodshow/{cateId}--------{catePg}---.html","分类": "国产剧$42#电视剧$2#电影$1#综艺$3#动漫$4"}