{
  "作者": "菜妮丝https://cainisi.cf",
  "站名": "打驴动漫",
  "主页url": "https://www.dqsj.cc",
  
  "分类": "热门新番&动漫大全&动漫电影&剧集&电影&综艺",
  "分类值": "23&20&24&27&28&31",
  
  "分类url": "https://www.dqsj.cc/index.php/vod/show{area}{by}{class}/id/{cateId}/page/{catePg}{year}.html",
  
  "副标题": "remarks\">&&</span>",
  
  "搜索模式": "1",
  "搜索url": "/index.php/vod/search.html?wd={wd}",
  "搜索数组": "hl-item-pic\">&&</a>",
  "搜索图片": "data-original=\"&&\"",
  "搜索标题": "title=\"&&\"",
  "搜索链接": "href=\"&&\"",
  "搜索副标题": "remarks\">&&</span>",
  
  "影片年代": "年份：&&</li>",
  "影片地区": "地区：&&</li>",
  "影片类型": "类型：&&</li>",
  "导演": "导演：&&</li>",
  "主演": "主演：&&</li>",
  "简介": "简介：&&</li>",
  
  "线路数组": "hl-icon-laiyuan\">&&/span>",
  "线路标题": ">&&<",
  
  "播放数组": "hl-list-wrap\">&&</ul>",
  
  "筛选":{
"23":[
  {"key":"class","name":"剧情","value":[
  {"n":"全部","v":""},
  {"n":"搞笑","v":"/class/搞笑"},
  {"n":"运动","v":"/class/运动"},
  {"n":"励志","v":"/class/励志"},
  {"n":"热血","v":"/class/热血"},
  {"n":"战斗","v":"/class/战斗"},
  {"n":"竞技","v":"/class/竞技"},
  {"n":"校园","v":"/class/校园"},
  {"n":"青春","v":"/class/青春"},
  {"n":"爱情","v":"/class/爱情"},
  {"n":"冒险","v":"/class/冒险"},
  {"n":"后宫","v":"/class/后宫"},
  {"n":"百合","v":"/class/百合"},
  {"n":"治愈","v":"/class/治愈"},
  {"n":"萝莉","v":"/class/萝莉"},
  {"n":"魔法","v":"/class/魔法"},
  {"n":"悬疑","v":"/class/悬疑"},
  {"n":"推理","v":"/class/推理"},
  {"n":"奇幻","v":"/class/奇幻"},
  {"n":"科幻","v":"/class/科幻"},
  {"n":"游戏","v":"/class/游戏"},
  {"n":"神魔","v":"/class/神魔"},
  {"n":"恐怖","v":"/class/恐怖"},
  {"n":"血腥","v":"/class/血腥"},
  {"n":"机战","v":"/class/机战"},
  {"n":"战争","v":"/class/战争"},
  {"n":"犯罪","v":"/class/犯罪"},
  {"n":"历史","v":"/class/历史"},
  {"n":"社会","v":"/class/社会"},
  {"n":"职场","v":"/class/职场"},
  {"n":"剧情","v":"/class/剧情"},
  {"n":"伪娘","v":"/class/伪娘"},
  {"n":"耽美","v":"/class/耽美"},
  {"n":"童年","v":"/class/童年"},
  {"n":"教育","v":"/class/教育"},
  {"n":"亲子","v":"/class/亲子"},
  {"n":"真人","v":"/class/真人"},
  {"n":"歌舞","v":"/class/歌舞"},
  {"n":"肉番","v":"/class/肉番"},
  {"n":"美少女","v":"/class/美少女"},
  {"n":"轻小说","v":"/class/轻小说"},
  {"n":"吸血鬼","v":"/class/吸血鬼"},
  {"n":"乙女向","v":"/class/乙女向"},
  {"n":"泡面番","v":"/class/泡面番"},
  {"n":"欢乐向","v":"/class/欢乐向"}]},
  
  {"key":"area","name":"地区","value":[
  {"n":"全部","v":""},
  {"n":"日本","v":"/area/日本"},
  {"n":"中国","v":"/area/中国"}]},
  
  {"key":"by","name":"排序","value":[
  {"n":"时间","v":"/by/time"},
  {"n":"人气","v":"/by/hits"},
  {"n":"评分","v":"/by/score"}]}],
  
"20":[
  {"key":"cateId","name":"类型","value":[
  {"n":"全部","v":"20"},
  {"n":"日本动漫","v":"21"},
  {"n":"国产动漫","v":"22"},
  {"n":"欧美动漫","v":"25"}]},
  
  {"key":"class","name":"剧情","value":[
  {"n":"全部","v":""},
  {"n":"搞笑","v":"/class/搞笑"},
  {"n":"运动","v":"/class/运动"},
  {"n":"励志","v":"/class/励志"},
  {"n":"热血","v":"/class/热血"},
  {"n":"战斗","v":"/class/战斗"},
  {"n":"竞技","v":"/class/竞技"},
  {"n":"校园","v":"/class/校园"},
  {"n":"青春","v":"/class/青春"},
  {"n":"爱情","v":"/class/爱情"},
  {"n":"冒险","v":"/class/冒险"},
  {"n":"后宫","v":"/class/后宫"},
  {"n":"百合","v":"/class/百合"},
  {"n":"治愈","v":"/class/治愈"},
  {"n":"萝莉","v":"/class/萝莉"},
  {"n":"魔法","v":"/class/魔法"},
  {"n":"悬疑","v":"/class/悬疑"},
  {"n":"推理","v":"/class/推理"},
  {"n":"奇幻","v":"/class/奇幻"},
  {"n":"科幻","v":"/class/科幻"},
  {"n":"游戏","v":"/class/游戏"},
  {"n":"神魔","v":"/class/神魔"},
  {"n":"恐怖","v":"/class/恐怖"},
  {"n":"血腥","v":"/class/血腥"},
  {"n":"机战","v":"/class/机战"},
  {"n":"战争","v":"/class/战争"},
  {"n":"犯罪","v":"/class/犯罪"},
  {"n":"历史","v":"/class/历史"},
  {"n":"社会","v":"/class/社会"},
  {"n":"职场","v":"/class/职场"},
  {"n":"剧情","v":"/class/剧情"},
  {"n":"伪娘","v":"/class/伪娘"},
  {"n":"耽美","v":"/class/耽美"},
  {"n":"童年","v":"/class/童年"},
  {"n":"教育","v":"/class/教育"},
  {"n":"亲子","v":"/class/亲子"},
  {"n":"真人","v":"/class/真人"},
  {"n":"歌舞","v":"/class/歌舞"},
  {"n":"肉番","v":"/class/肉番"},
  {"n":"美少女","v":"/class/美少女"},
  {"n":"轻小说","v":"/class/轻小说"},
  {"n":"吸血鬼","v":"/class/吸血鬼"},
  {"n":"乙女向","v":"/class/乙女向"},
  {"n":"泡面番","v":"/class/泡面番"},
  {"n":"欢乐向","v":"/class/欢乐向"}]},
  
  {"key":"area","name":"地区","value":[
  {"n":"全部","v":""},
  {"n":"日本","v":"/area/日本"},
  {"n":"中国","v":"/area/中国"}]},
  
  {"key":"year","name":"年份","value":[
  {"n":"全部","v":""},
  {"n":"2023","v":"/year/2023"},
  {"n":"2022","v":"/year/2022"},
  {"n":"2021","v":"/year/2021"},
  {"n":"2020","v":"/year/2020"},
  {"n":"2019","v":"/year/2019"},
  {"n":"2018","v":"/year/2018"},
  {"n":"2017","v":"/year/2017"},
  {"n":"2016","v":"/year/2016"},
  {"n":"2015","v":"/year/2015"},
  {"n":"2014","v":"/year/2014"},
  {"n":"2013","v":"/year/2013"},
  {"n":"2012","v":"/year/2012"},
  {"n":"2011","v":"/year/2011"},
  {"n":"2010","v":"/year/2010"},
  {"n":"2009","v":"/year/2009"},
  {"n":"2008","v":"/year/2008"},
  {"n":"2007","v":"/year/2007"},
  {"n":"2006","v":"/year/2006"},
  {"n":"2005","v":"/year/2005"},
  {"n":"2004","v":"/year/2004"},
  {"n":"2003","v":"/year/2003"},
  {"n":"2002","v":"/year/2002"},
  {"n":"2001","v":"/year/2001"},
  {"n":"2000","v":"/year/2000"}]},
  
  {"key":"by","name":"排序","value":[
  {"n":"时间","v":"/by/time"},
  {"n":"人气","v":"/by/hits"},
  {"n":"评分","v":"/by/score"}]}],
  
"24":[
  {"key":"class","name":"剧情","value":[
  {"n":"全部","v":""},
  {"n":"搞笑","v":"/class/搞笑"},
  {"n":"运动","v":"/class/运动"},
  {"n":"励志","v":"/class/励志"},
  {"n":"热血","v":"/class/热血"},
  {"n":"战斗","v":"/class/战斗"},
  {"n":"竞技","v":"/class/竞技"},
  {"n":"校园","v":"/class/校园"},
  {"n":"青春","v":"/class/青春"},
  {"n":"爱情","v":"/class/爱情"},
  {"n":"冒险","v":"/class/冒险"},
  {"n":"后宫","v":"/class/后宫"},
  {"n":"百合","v":"/class/百合"},
  {"n":"治愈","v":"/class/治愈"},
  {"n":"萝莉","v":"/class/萝莉"},
  {"n":"魔法","v":"/class/魔法"},
  {"n":"悬疑","v":"/class/悬疑"},
  {"n":"推理","v":"/class/推理"},
  {"n":"奇幻","v":"/class/奇幻"},
  {"n":"科幻","v":"/class/科幻"},
  {"n":"游戏","v":"/class/游戏"},
  {"n":"神魔","v":"/class/神魔"},
  {"n":"恐怖","v":"/class/恐怖"},
  {"n":"血腥","v":"/class/血腥"},
  {"n":"机战","v":"/class/机战"},
  {"n":"战争","v":"/class/战争"},
  {"n":"犯罪","v":"/class/犯罪"},
  {"n":"历史","v":"/class/历史"},
  {"n":"社会","v":"/class/社会"},
  {"n":"职场","v":"/class/职场"},
  {"n":"剧情","v":"/class/剧情"},
  {"n":"伪娘","v":"/class/伪娘"},
  {"n":"耽美","v":"/class/耽美"},
  {"n":"童年","v":"/class/童年"},
  {"n":"教育","v":"/class/教育"},
  {"n":"亲子","v":"/class/亲子"},
  {"n":"真人","v":"/class/真人"},
  {"n":"歌舞","v":"/class/歌舞"},
  {"n":"肉番","v":"/class/肉番"},
  {"n":"美少女","v":"/class/美少女"},
  {"n":"轻小说","v":"/class/轻小说"},
  {"n":"吸血鬼","v":"/class/吸血鬼"},
  {"n":"乙女向","v":"/class/乙女向"},
  {"n":"泡面番","v":"/class/泡面番"},
  {"n":"欢乐向","v":"/class/欢乐向"}]},
  
  {"key":"area","name":"地区","value":[
  {"n":"全部","v":""},
  {"n":"日本","v":"/area/日本"},
  {"n":"中国","v":"/area/中国"}]},
  
  {"key":"year","name":"年份","value":[
  {"n":"全部","v":""},
  {"n":"2023","v":"/year/2023"},
  {"n":"2022","v":"/year/2022"},
  {"n":"2021","v":"/year/2021"},
  {"n":"2020","v":"/year/2020"},
  {"n":"2019","v":"/year/2019"},
  {"n":"2018","v":"/year/2018"},
  {"n":"2017","v":"/year/2017"},
  {"n":"2016","v":"/year/2016"},
  {"n":"2015","v":"/year/2015"},
  {"n":"2014","v":"/year/2014"},
  {"n":"2013","v":"/year/2013"},
  {"n":"2012","v":"/year/2012"},
  {"n":"2011","v":"/year/2011"},
  {"n":"2010","v":"/year/2010"},
  {"n":"2009","v":"/year/2009"},
  {"n":"2008","v":"/year/2008"},
  {"n":"2007","v":"/year/2007"},
  {"n":"2006","v":"/year/2006"},
  {"n":"2005","v":"/year/2005"},
  {"n":"2004","v":"/year/2004"},
  {"n":"2003","v":"/year/2003"},
  {"n":"2002","v":"/year/2002"},
  {"n":"2001","v":"/year/2001"},
  {"n":"2000","v":"/year/2000"}]},
  
  {"key":"by","name":"排序","value":[
  {"n":"时间","v":"/by/time"},
  {"n":"人气","v":"/by/hits"},
  {"n":"评分","v":"/by/score"}]}],
  
"27":[
  {"key":"class","name":"剧情","value":[
  {"n":"全部","v":""},
  {"n":"剧情","v":"/class/剧情"},
  {"n":"动作","v":"/class/动作"},
  {"n":"科幻","v":"/class/科幻"},
  {"n":"奇幻","v":"/class/奇幻"},
  {"n":"冒险","v":"/class/冒险"},
  {"n":"犯罪","v":"/class/犯罪"},
  {"n":"惊悚","v":"/class/惊悚"},
  {"n":"恐怖","v":"/class/恐怖"},
  {"n":"悬疑","v":"/class/悬疑"},
  {"n":"喜剧","v":"/class/喜剧"},
  {"n":"爱情","v":"/class/爱情"},
  {"n":"警匪","v":"/class/警匪"},
  {"n":"美食","v":"/class/美食"}]},
  
  {"key":"area","name":"地区","value":[
  {"n":"全部","v":""},
  {"n":"美剧","v":"/area/美剧"},
  {"n":"日剧","v":"/area/日剧"},
  {"n":"韩剧","v":"/area/韩剧"},
  {"n":"港剧","v":"/area/港剧"},
  {"n":"内地","v":"/area/内地"},
  {"n":"英国","v":"/area/英国"}]},
  
  {"key":"by","name":"排序","value":[
  {"n":"时间","v":"/by/time"},
  {"n":"人气","v":"/by/hits"},
  {"n":"评分","v":"/by/score"}]}],
  
"28":[
  {"key":"class","name":"剧情","value":[
  {"n":"全部","v":""},
  {"n":"动作片","v":"/class/动作片"},
  {"n":"喜剧片","v":"/class/喜剧片"},
  {"n":"爱情片","v":"/class/爱情片"},
  {"n":"科幻片","v":"/class/科幻片"},
  {"n":"恐怖片","v":"/class/恐怖片"},
  {"n":"战争片","v":"/class/战争片"},
  {"n":"剧情片","v":"/class/剧情片"}]},
  
  {"key":"area","name":"地区","value":[
  {"n":"全部","v":""},
  {"n":"中国","v":"/area/中国"},
  {"n":"美国","v":"/area/美国"},
  {"n":"香港","v":"/area/香港"},
  {"n":"法国","v":"/area/法国"},
  {"n":"韩国","v":"/area/韩国"},
  {"n":"日本","v":"/area/日本"},
  {"n":"英国","v":"/area/英国"},
  {"n":"德国","v":"/area/德国"}]},
  
  {"key":"by","name":"排序","value":[
  {"n":"时间","v":"/by/time"},
  {"n":"人气","v":"/by/hits"},
  {"n":"评分","v":"/by/score"}]}],
  
"31":[
  {"key":"by","name":"排序","value":[
  {"n":"时间","v":"/by/time"},
  {"n":"人气","v":"/by/hits"},
  {"n":"评分","v":"/by/score"}]}]}
}