{
"调试":"",
"站名":"新香蕉",
//"起始页":"1",
"主页url":"https://www.2024xxj.com/",
"分类url": "https://www.2024xxj.com/{cateId}-{catePg}.html",    
"分类": "亚洲ＡＶ&自拍偷拍&超清传媒&3D动漫&欧美ＡＶ&乱伦人妻&丝袜制服&直播录播&SM另类&超清三级&中文无码&中文综合&中文近亲&中文护士&中文师生&中文强奸&国产自拍&三级伦理",
"分类值": "hd/hlm-yazhou&hd/hlm-zipaitoupai&hd/hlm-chaoqingchuanmei&hd/hlm-3Ddongman&hd/hlm-oumei&hd/hlm-luanlunrenqi&hd/hlm-siwazhifu&hd/hlm-zhibolubo&hd/hlm-SMlinglei&hd/hlm-chaoqingsanji&cn/clm-zhongwenwuma&cn/clm-zhongwenzonghe&cn/clm-zhongwenjingqing&cn/clm-zhongwenhushi&cn/clm-zhongwenshisheng&cn/clm-zhongwenqiangjian&cn/clm-guochanzipai&cn/clm-sanjizonghe",
"ua": "",
"直接播放": "",
"图片代理":"",
"头部集合":"",
"热门推荐":"1",
"数组":"<div class=\"item&&</div>",
"图片":"data-original=\"&&\"",
"标题":"title=\"&&\"",
"链接":"href=\"&&\"",//方法二[替换:*>>+/vodplay/+/voddetail/&&/+-1-1/]",
//"链接前缀": "https://www.i8k.cc",
//"链接后缀": "-1-1/",
"搜索url":"https://www.2024xxj.com/cn/vod/search.html",
//"搜索模式":"1",
//"搜索图片":"data-original=\"&&\"",
//"搜索标题":"title=\"&&\"",
//"搜索链接":"href=\"&&\"[替换:*>>+/vodplay/+/voddetail/&&/+-1-1/]",
//"搜索后缀":"/v/",
//"副标题":"<span class=\"sNum\">&&</span>",
//"线路二次截取":"<div class=\"mdui-panel vod_play_list&&<div class=\"info_text",
//"线路数组":"<div class=\"module-tab-item tab-item&&</div>",
//"线路标题":"<span>&&</",
"状态":"",
"导演":"",
//"主演":"主演：*>&&</a>",
//"简介":"<p>&&</p>",
"免嗅":"",
//"强制解析":"0",
"嗅探词":".m3u8#.mp4",
"过滤词": "url="
//"播放数组":"<div class=\"paly_list_btn&&</div>"
//"播放二次截取":"<div class=\"mdui-panel vod_play_list&&<div class=\"mdui-float-right\""
//"播放列表":"<a &&</a>",
//"播放标题":">&&</a>",
//"播放链接":"href=\"&&\""
//"排序":"时间$time#人气$score",

}