
{
"主页url":"https://www.pbpb.tv",
"数组":"class=\"stui-vodlist__box&&</div>",
"图片":"data-original=\"&&\"",
"标题":"title=\"&&\"",
"副标题":"class=\"pic-text text-right\">&&</span>",
"链接":"href=\"&&\"", 
"线路数组":"class=\"stui-vodlist__head&&</h4>",
"线路标题":"\">&&</span>",
"播放数组":"class=\"stui-content__playlist clearfix&&</ul>",
"搜索url":"https://www.pbpb.tv/index.php/ajax/suggest?mid=1&wd={wd}",
"搜索模式":"0",
"搜索链接前缀":"https://www.pbpb.tv/html/",
"搜索链接后缀":".html",
"导演":"导演：</span>&&</p>",
"主演":"主演：</span>&&</p>",
"简介":"style=\"display:none;\">&&</span>",
"播放列表":"<li&&</li>",
"播放标题":"html\">&&</a>",
"播放链接":"href=\"&&\"",
"免嗅":"1",
"分类":"电影$1#电视剧$2#动漫$3#综艺$4",
"分类url":"https://www.pbpb.tv/class/{cateId}-{area}-{by}-{全部}-{lang}----{catePg}---{year}.html",
"筛选":{
"1":[
{
"key":"cateId",
"name":"类型",
"value":[
{"n":"全部","v":""},
{"n":"动作片","v":"5"},
{"n":"喜剧片","v":"6"},
{"n":"恐怖片","v":"7"},
{"n":"科幻片","v":"8"},
{"n":"爱情片","v":"9"},
{"n":"剧情片","v":"10"},
{"n":"战争片","v":"11"}
]
},
{
"key":"全部",
"name":"剧情",
"value":[
{"n":"全部","v":""},
{"n":"悬疑","v":"悬疑"},
{"n":"惊悚","v":"惊悚"},
{"n":"犯罪","v":"犯罪"},
{"n":"奇幻","v":"奇幻"},
{"n":"武侠","v":"武侠"},
{"n":"冒险","v":"冒险"},
{"n":"古装","v":"古装"},
{"n":"历史","v":"历史"},
{"n":"传记","v":"传记"},
{"n":"运动","v":"运动"},
{"n":"青春","v":"青春"},
{"n":"音乐","v":"音乐"},
{"n":"歌舞","v":"歌舞"},
{"n":"灾难","v":"灾难"},
{"n":"西部","v":"西部"},
{"n":"同性","v":"同性"},
{"n":"情色","v":"情色"},
{"n":"短片","v":"短片"}
]
},
{
"key":"area",
"name":"地区",
"value":[
{"n":"全部","v":""},
{"n":"大陆","v":"大陆"},
{"n":"香港","v":"香港"},
{"n":"台湾","v":"台湾"},
{"n":"美国","v":"美国"},
{"n":"日本","v":"日本"},
{"n":"韩国","v":"韩国"},
{"n":"英国","v":"英国"},
{"n":"法国","v":"法国"},
{"n":"泰国","v":"泰国"},
{"n":"印度","v":"印度"},
{"n":"西班牙","v":"西班牙"},
{"n":"加拿大","v":"加拿大"},
{"n":"俄罗斯","v":"俄罗斯"},
{"n":"新加坡","v":"新加坡"},
{"n":"其它","v":"其它"}
]
},
{
"key":"year",
"name":"年份",
"value":[
{"n":"全部","v":""},
{"n":"2022","v":"2022"},
{"n":"2021","v":"2021"},
{"n":"2020","v":"2020"},
{"n":"2019","v":"2019"},
{"n":"2018","v":"2018"},
{"n":"2017","v":"2017"},
{"n":"2016","v":"2016"},
{"n":"2015","v":"2015"},
{"n":"2014","v":"2014"},
{"n":"2013","v":"2013"},
{"n":"2012","v":"2012"},
{"n":"2011","v":"2011"},
{"n":"2010","v":"2010"}
]
},
{
"key":"lang",
"name":"语言",
"value":[
{"n":"全部","v":""},
{"n":"国语","v":"国语"},
{"n":"英语","v":"英语"},
{"n":"粤语","v":"粤语"},
{"n":"韩语","v":"韩语"},
{"n":"日语","v":"日语"},
{"n":"法语","v":"法语"},
{"n":"德语","v":"德语"},
{"n":"其它","v":"其它"}
]
},
{
"key":"by",
"name":"排序",
"value":[
{"n":"全部","v":""},
{"n":"最新","v":"time"},
{"n":"热门","v":"hits"}
]
}
],
"2":[
{
"key":"cateId",
"name":"类型",
"value":[
{"n":"全部","v":""},
{"n":"国产剧","v":"13"},
{"n":"港台剧","v":"14"},
{"n":"欧美剧","v":"15"},
{"n":"日韩剧","v":"16"},
{"n":"海外剧","v":"17"}
]
},
{
"key":"全部",
"name":"剧情",
"value":[
{"n":"全部","v":""},
{"n":"都市","v":"都市"},
{"n":"古装","v":"古装"},
{"n":"刑侦","v":"刑侦"},
{"n":"爱情","v":"爱情"},
{"n":"偶像","v":"偶像"},
{"n":"喜剧","v":"喜剧"},
{"n":"家庭","v":"家庭"},
{"n":"犯罪","v":"犯罪"},
{"n":"奇幻","v":"奇幻"},
{"n":"剧情","v":"剧情"},
{"n":"历史","v":"历史"},
{"n":"商战","v":"商战"},
{"n":"穿越","v":"穿越"},
{"n":"神话","v":"神话"}
]
},
{
"key":"area",
"name":"地区",
"value":[
{"n":"全部","v":""},
{"n":"大陆","v":"大陆"},
{"n":"香港","v":"香港"},
{"n":"台湾","v":"台湾"},
{"n":"美国","v":"美国"},
{"n":"日本","v":"日本"},
{"n":"韩国","v":"韩国"},
{"n":"英国","v":"英国"},
{"n":"法国","v":"法国"},
{"n":"泰国","v":"泰国"},
{"n":"印度","v":"印度"},
{"n":"西班牙","v":"西班牙"},
{"n":"加拿大","v":"加拿大"},
{"n":"俄罗斯","v":"俄罗斯"},
{"n":"新加坡","v":"新加坡"},
{"n":"其它","v":"其它"}
]
},
{
"key":"year",
"name":"年份",
"value":[
{"n":"全部","v":""},
{"n":"2022","v":"2022"},
{"n":"2021","v":"2021"},
{"n":"2020","v":"2020"},
{"n":"2019","v":"2019"},
{"n":"2018","v":"2018"},
{"n":"2017","v":"2017"},
{"n":"2016","v":"2016"},
{"n":"2015","v":"2015"},
{"n":"2014","v":"2014"},
{"n":"2013","v":"2013"},
{"n":"2012","v":"2012"},
{"n":"2011","v":"2011"},
{"n":"2010","v":"2010"}
]
},
{
"key":"lang",
"name":"语言",
"value":[
{"n":"全部","v":""},
{"n":"国语","v":"国语"},
{"n":"英语","v":"英语"},
{"n":"粤语","v":"粤语"},
{"n":"韩语","v":"韩语"},
{"n":"日语","v":"日语"},
{"n":"法语","v":"法语"},
{"n":"德语","v":"德语"},
{"n":"其它","v":"其它"}
]
},
{
"key":"by",
"name":"排序",
"value":[
{"n":"全部","v":""},
{"n":"最新","v":"time"},
{"n":"热门","v":"hits"}
]
}
],
"3":[
{
"key":"cateId",
"name":"类型",
"value":[
{"n":"全部","v":""},
{"n":"动画电影","v":"21"},
{"n":"动画剧集","v":"22"}
]
},
{
"key":"area",
"name":"地区",
"value":[
{"n":"全部","v":""},
{"n":"大陆","v":"大陆"},
{"n":"香港","v":"香港"},
{"n":"台湾","v":"台湾"},
{"n":"美国","v":"美国"},
{"n":"日本","v":"日本"},
{"n":"韩国","v":"韩国"}
]
},
{
"key":"year",
"name":"年份",
"value":[
{"n":"全部","v":""},
{"n":"2022","v":"2022"},
{"n":"2021","v":"2021"},
{"n":"2020","v":"2020"},
{"n":"2019","v":"2019"},
{"n":"2018","v":"2018"},
{"n":"2017","v":"2017"},
{"n":"2016","v":"2016"},
{"n":"2015","v":"2015"},
{"n":"2014","v":"2014"},
{"n":"2013","v":"2013"},
{"n":"2012","v":"2012"},
{"n":"2011","v":"2011"},
{"n":"2010","v":"2010"}
]
},
{
"key":"by",
"name":"排序",
"value":[
{"n":"全部","v":""},
{"n":"时间","v":"time"},
{"n":"热门","v":"hits"}
]
}
],
"4":[
{
"key":"cateId",
"name":"类型",
"value":[
{"n":"全部","v":""},
{"n":"节目秀","v":"23"},
{"n":"纪录片","v":"12"},
{"n":"赛事","v":"26"},
{"n":"音乐","v":"27"}
]
},
{
"key":"area",
"name":"地区",
"value":[
{"n":"全部","v":""},
{"n":"大陆","v":"大陆"},
{"n":"香港","v":"香港"},
{"n":"台湾","v":"台湾"},
{"n":"美国","v":"美国"},
{"n":"日本","v":"日本"},
{"n":"韩国","v":"韩国"}
]
},
{
"key":"year",
"name":"年份",
"value":[
{"n":"全部","v":""},
{"n":"2022","v":"2022"},
{"n":"2021","v":"2021"},
{"n":"2020","v":"2020"},
{"n":"2019","v":"2019"},
{"n":"2018","v":"2018"},
{"n":"2017","v":"2017"},
{"n":"2016","v":"2016"},
{"n":"2015","v":"2015"},
{"n":"2014","v":"2014"},
{"n":"2013","v":"2013"},
{"n":"2012","v":"2012"},
{"n":"2011","v":"2011"},
{"n":"2010","v":"2010"}
]
},
{
"key":"by",
"name":"排序",
"value":[
{"n":"全部","v":""},
{"n":"时间","v":"time"},
{"n":"热门","v":"hits"}
]
}
],
"top":[
{
"key":"cateId",
"name":"类型",
"value":[
{"n":"总排行榜","v":""},
{"n":"本月榜单","v":"month"},
{"n":"一周榜单","v":"week"},
{"n":"今日榜单","v":"day"}
]
}
]
}
}