{
"站名": "电影先生",
"主页url": "http://dyxs11.com",
"ua": "手机",
"热门推荐": "1",
"起始页": "1",
"数组": "<div class=\"module-item-cover\">&&/div></div>",
"图片": "data-src=\"&&\"",
"标题": "title=\"&&\"",
"副标题": "<div class=\"module-item-text\">&&<",
"链接": "href=\"&&\"",
"线路数组": "ta-dropdown-value=\"&&</div>",
"线路标题": "\">&&</span>",
"状态": "上映：&&</div>",
"导演": "导演：&&</div",
"主演": "主演：&&</div",
"简介": "剧情：&&</div>",
"播放数组": "class=\"scroll-content\">&&</div>",
"播放列表": "<a&&/a>",
"播放标题": ">&&</span>",
"播放链接": "href=\"&&\"",
"免嗅": "1",
"嗅探词":".m3u8",
"过滤词":"",
"搜索url": "http://dyxs11.com/search-{wd}-------------/",
"搜索模式": "1",
"搜索二次截取": "",
"搜索数组": "module-search-item\">&&<h3",
"搜索图片": "data-src=\"&&\"",
"搜索标题": "title=\"&&\"",
"搜索链接": "href=\"&&\"",
"分类url": "http://dyxs11.com/pianku-{cateId}-{area}-{by}-{class}-----{catePg}---{year}/",
"分类": "电影$dianying#电视剧$dianshiju#综艺$zongyi#动漫$dongman",
//"类型": "1--动作片$6#喜剧片$7#爱情片$8#科幻片$9#恐怖片$10#剧情片$11#战争片$12||2--国产剧$13#港台剧$14#日韩剧$15#欧美剧$16",
"剧情": "dianying--动作$动作#喜剧$喜剧#爱情$爱情#科幻$科幻#剧情$剧情#悬疑$悬疑#惊悚$惊悚#恐怖$恐怖#犯罪$犯罪#武侠$武侠#冒险$冒险#灾难$灾难#奇幻$奇幻#警匪$警匪#战争$战争#动画$动画#西部$西部#青春偶像$青春偶像#古装$古装#历史$历史#运动$运动#都市$都市#情景$情景#记录$记录#同性$同性#音乐$音乐#歌舞$歌舞#传记$传记#其他$其他||dianshiju--动作$动作#喜剧$喜剧#爱情$爱情#科幻$科幻#剧情$剧情#悬疑$悬疑#惊悚$惊悚#恐怖$恐怖#犯罪$犯罪#武侠$武侠#冒险$冒险#灾难$灾难#奇幻$奇幻#警匪$警匪#战争$战争#动画$动画#西部$西部#青春偶像$青春偶像#古装$古装#历史$历史#运动$运动#都市$都市#情景$情景#记录$记录#同性$同性#音乐$音乐#歌舞$歌舞#传记$传记#其他$其他",
"地区": "替换[大陆$大陆>>中国大陆$中国大陆||香港$香港>>中国香港$中国香港||台湾$台湾>>中国台湾$中国台湾]",
"年份": "2005-2022",
"排序": "时间排序$time#人气排序$hits#评分排序$score",
"筛选": "1"
}