{
"调试":"",
"站名":"肥猫影视",
//"主页url":"https://www.blssv.com/",
"分类": "电影$1#电视剧$2#动漫$3#综艺$4",
"分类url":"http://i.肥猫.love:63/index.php/vod/show/by/{by}/id/{cateId}/page/{catePg}/year/{year}.html",
"ua": "手机",
"直接播放": "",
"图片代理":"",
"头部集合":"",
"热门推荐":"1",
//"数组":"<li class=\"vod_item mdui-col\"&&</li>",
"图片":"data-original=\"&&\"",
"标题":"title=\"&&\"",
"链接":"href=\"&&\"",//方法二[替换:*>>+/vodplay/+/voddetail/&&/+-1-1/]",
//"链接前缀": "https://www.blssv.com/vodplay/",
//"链接后缀": "-1-1/",
"搜索url":"http://i.肥猫.love:63/index.php/vod/search.html?wd={wd}",
//"搜索模式":"1",
//"搜索图片":"data-original=\"&&\"",
//"搜索标题":"title=\"&&\"",
//"搜索链接":"href=\"&&\"[替换:*>>+/vodplay/+/voddetail/&&/+-1-1/]",
//"搜索后缀":"/v/",
//"副标题":"<span class=\"sNum\">&&</span>",
//"线路二次截取":"<div class=\"mdui-panel vod_play_list&&<div class=\"info_text",
//"线路数组":"class=\"mdui-panel-item-title&&div class=\"mdui-panel-item-summary",
"线路标题":">&&</div>",
"状态":"",
"导演":"",
"主演":">主演：*>&&</a>",
"简介":"<p>&&</p>",
"免嗅":"1",
//"强制解析":"0",
//"嗅探词":".m3u8",
"过滤词": "?url="
//"播放数组":"<div class=\"mdui-panel-item-body&&</div>",
//"播放二次截取":"<div class=\"mdui-panel vod_play_list&&<div class=\"mdui-float-right\""
//"播放列表":"<a &&</a>",
//"播放标题":">&&</a>",
//"播放链接":"href=\"&&\""
//"排序":"时间$time#人气$score",

}