{
  "作者": "菜妮丝https://cainisi.cf",
  "站名": "鸭奈飞",
  "主页url": "https://yanetflix.com",
  "请求头": "Mozilla/5.0 (Windows NT 10.0; Win64; x64) AppleWebKit/537.36 (KHTML, like Gecko) Chrome/108.0.0.0 Safari/537.36 Edg/108.0.1462.54",
  
  "分类": "电影$dianying#连续剧$lianxuju#综艺$zongyi#动漫$dongman",
  
  "分类url": "https://yanetflix.com/vodshow/{cateId}-{area}-{by}-{class}-----{catePg}---{year}.html",
  
  "二次截取": "<div class=\"module-items&&<div id=\"page\">",
  "数组": "<a&&</a>",
  "副标题": "module-item-note\">&&</div>",
  
  "搜索模式": "1",
  "搜索url": "/vodsearch/-------------.html?wd={wd}",
  "搜索数组": "module-item\">&&</a>",
  "搜索图片": "data-original=\"&&\"",
  "搜索标题": "alt=\"&&\"",
  "搜索链接": "href=\"&&\"",
  "搜索副标题": "module-item-note\">&&</div>",
  
  "导演": "导演：&&</div>",
  "主演": "主演：&&</div>",
  "简介": "player-list\">&&</span>",
  
  "线路数组": "data-dropdown-value=&&</div>",
  "线路标题": "<span>&&</small>[替换:</span><small>>>👉]+集♥",
  
  "播放数组": "module-play-list\">&&</div>",
  
  "筛选":{
"dianying":[
  {"key":"cateId","name":"类型","value":[
  {"n":"全部","v":"dianying"},
  {"n":"动作片","v":"dongzuopian"},
  {"n":"喜剧片","v":"xijupian"},
  {"n":"爱情片","v":"aiqingpian"},
  {"n":"科幻片","v":"kehuanpian"},
  {"n":"恐怖片","v":"kongbupian"},
  {"n":"剧情片","v":"juqingpian"},
  {"n":"战争片","v":"zhanzhengpian"},
  {"n":"悬疑片","v":"xuanyipian"},
  {"n":"冒险片","v":"maoxianpian"},
  {"n":"犯罪片","v":"fanzuipian"},
  {"n":"奇幻片","v":"qihuanpian"},
  {"n":"惊悚片","v":"jingsongpian"},
  {"n":"纪录片","v":"jilupian"},
  {"n":"灾难片","v":"zainanpian"},
  {"n":"古装片","v":"guzhuangpian"},
  {"n":"动画片","v":"donghuapian"}]},
  
  {"key":"class","name":"剧情","value":[
  {"n":"全部","v":""},
  {"n":"喜剧","v":"喜剧"},
  {"n":"爱情","v":"爱情"},
  {"n":"恐怖","v":"恐怖"},
  {"n":"动作","v":"动作"},
  {"n":"科幻","v":"科幻"},
  {"n":"剧情","v":"剧情"},
  {"n":"战争","v":"战争"},
  {"n":"警匪","v":"警匪"},
  {"n":"犯罪","v":"犯罪"},
  {"n":"动画","v":"动画"},
  {"n":"奇幻","v":"奇幻"},
  {"n":"武侠","v":"武侠"},
  {"n":"冒险","v":"冒险"},
  {"n":"枪战","v":"枪战"},
  {"n":"恐怖","v":"恐怖"},
  {"n":"悬疑","v":"悬疑"},
  {"n":"惊悚","v":"惊悚"},
  {"n":"经典","v":"经典"},
  {"n":"青春","v":"青春"},
  {"n":"文艺","v":"文艺"},
  {"n":"微电影","v":"微电影"},
  {"n":"古装","v":"古装"},
  {"n":"历史","v":"历史"},
  {"n":"运动","v":"运动"},
  {"n":"农村","v":"农村"},
  {"n":"儿童","v":"儿童"},
  {"n":"网络电影","v":"网络电影"}]},
  
  {"key":"area","name":"地区","value":[
  {"n":"全部","v":""},
  {"n":"大陆","v":"大陆"},
  {"n":"香港","v":"香港"},
  {"n":"台湾","v":"台湾"},
  {"n":"美国","v":"美国"},
  {"n":"韩国","v":"韩国"},
  {"n":"日本","v":"日本"},
  {"n":"泰国","v":"泰国"},
  {"n":"新加坡","v":"新加坡"},
  {"n":"马来西亚","v":"马来西亚"},
  {"n":"印度","v":"印度"},
  {"n":"英国","v":"英国"},
  {"n":"法国","v":"法国"},
  {"n":"加拿大","v":"加拿大"},
  {"n":"西班牙","v":"西班牙"},
  {"n":"俄罗斯","v":"俄罗斯"},
  {"n":"其它","v":"其它"}]},
  
  {"key":"year","name":"年份","value":[
  {"n":"全部","v":""},
  {"n":"2022","v":"2022"},
  {"n":"2021","v":"2021"},
  {"n":"2020","v":"2020"},
  {"n":"2019","v":"2019"},
  {"n":"2018","v":"2018"},
  {"n":"2017","v":"2017"},
  {"n":"2016","v":"2016"},
  {"n":"2015","v":"2015"},
  {"n":"2014","v":"2014"},
  {"n":"2013","v":"2013"},
  {"n":"2012","v":"2012"},
  {"n":"2011","v":"2011"},
  {"n":"2010","v":"2010"},
  {"n":"2009","v":"2009"},
  {"n":"2008","v":"2008"},
  {"n":"2007","v":"2007"},
  {"n":"2006","v":"2006"},
  {"n":"2005","v":"2005"},
  {"n":"2004","v":"2004"},
  {"n":"2003","v":"2003"},
  {"n":"2002","v":"2002"},
  {"n":"2001","v":"2001"},
  {"n":"2000","v":"2000"},
  {"n":"1999","v":"1999"},
  {"n":"1998","v":"1998"},
  {"n":"1997","v":"1997"},
  {"n":"1996","v":"1996"},
  {"n":"1995","v":"1995"},
  {"n":"1994","v":"1994"},
  {"n":"1993","v":"1993"},
  {"n":"1992","v":"1992"},
  {"n":"1991","v":"1991"},
  {"n":"1990","v":"1990"}]},
  
  {"key":"by","name":"排序","value":[
  {"n":"时间","v":"time"},
  {"n":"人气","v":"hits"},
  {"n":"评分","v":"score"}]}],
  
"lianxuju":[
  {"key":"cateId","name":"类型","value":[
  {"n":"全部","v":"lianxuju"},
  {"n":"港台剧","v":"gangtaiju"},
  {"n":"日韩剧","v":"rihanju"},
  {"n":"欧美剧","v":"oumeiju"},
  {"n":"泰国剧","v":"taiguoju"},
  {"n":"海外剧","v":"haiwaiju"}]},
  
  {"key":"class","name":"剧情","value":[
  {"n":"全部","v":""},
  {"n":"古装","v":"古装"},
  {"n":"战争","v":"战争"},
  {"n":"青春偶像","v":"青春偶像"},
  {"n":"喜剧","v":"喜剧"},
  {"n":"家庭","v":"家庭"},
  {"n":"犯罪","v":"犯罪"},
  {"n":"动作","v":"动作"},
  {"n":"奇幻","v":"奇幻"},
  {"n":"剧情","v":"剧情"},
  {"n":"历史","v":"历史"},
  {"n":"经典","v":"经典"},
  {"n":"乡村","v":"乡村"},
  {"n":"情景","v":"情景"},
  {"n":"商战","v":"商战"},
  {"n":"网剧","v":"网剧"},
  {"n":"其他","v":"其他"}]},
  
  {"key":"area","name":"地区","value":[
  {"n":"全部","v":""},
  {"n":"内地","v":"内地"},
  {"n":"韩国","v":"韩国"},
  {"n":"香港","v":"香港"},
  {"n":"台湾","v":"台湾"},
  {"n":"日本","v":"日本"},
  {"n":"美国","v":"美国"},
  {"n":"泰国","v":"泰国"},
  {"n":"英国","v":"英国"},
  {"n":"新加坡","v":"新加坡"},
  {"n":"其他","v":"其他"}]},
  
  {"key":"year","name":"年份","value":[
  {"n":"全部","v":""},
  {"n":"2022","v":"2022"},
  {"n":"2021","v":"2021"},
  {"n":"2020","v":"2020"},
  {"n":"2019","v":"2019"},
  {"n":"2018","v":"2018"},
  {"n":"2017","v":"2017"},
  {"n":"2016","v":"2016"},
  {"n":"2015","v":"2015"},
  {"n":"2014","v":"2014"},
  {"n":"2013","v":"2013"},
  {"n":"2012","v":"2012"},
  {"n":"2011","v":"2011"},
  {"n":"2010","v":"2010"},
  {"n":"2009","v":"2009"},
  {"n":"2008","v":"2008"},
  {"n":"2007","v":"2007"},
  {"n":"2006","v":"2006"},
  {"n":"2005","v":"2005"},
  {"n":"2004","v":"2004"},
  {"n":"2003","v":"2003"},
  {"n":"2002","v":"2002"},
  {"n":"2001","v":"2001"},
  {"n":"2000","v":"2000"},
  {"n":"1999","v":"1999"},
  {"n":"1998","v":"1998"},
  {"n":"1997","v":"1997"},
  {"n":"1996","v":"1996"},
  {"n":"1995","v":"1995"},
  {"n":"1994","v":"1994"},
  {"n":"1993","v":"1993"},
  {"n":"1992","v":"1992"},
  {"n":"1991","v":"1991"},
  {"n":"1990","v":"1990"}]},
  
  {"key":"by","name":"排序","value":[
  {"n":"时间","v":"time"},
  {"n":"人气","v":"hits"},
  {"n":"评分","v":"score"}]}],
  
"zongyi":[
  {"key":"class","name":"剧情","value":[
  {"n":"全部","v":""},
  {"n":"选秀","v":"选秀"},
  {"n":"情感","v":"情感"},
  {"n":"访谈","v":"访谈"},
  {"n":"播报","v":"播报"},
  {"n":"旅游","v":"旅游"},
  {"n":"音乐","v":"音乐"},
  {"n":"美食","v":"美食"},
  {"n":"纪实","v":"纪实"},
  {"n":"曲艺","v":"曲艺"},
  {"n":"生活","v":"生活"},
  {"n":"游戏互动","v":"游戏互动"},
  {"n":"财经","v":"财经"},
  {"n":"求职","v":"求职"}]},
  
  {"key":"area","name":"地区","value":[
  {"n":"全部","v":""},
  {"n":"内地","v":"内地"},
  {"n":"港台","v":"港台"},
  {"n":"日韩","v":"日韩"},
  {"n":"欧美","v":"欧美"}]},
  
  {"key":"year","name":"年份","value":[
  {"n":"全部","v":""},
  {"n":"2021","v":"2021"},
  {"n":"2020","v":"2020"},
  {"n":"2019","v":"2019"},
  {"n":"2018","v":"2018"},
  {"n":"2017","v":"2017"},
  {"n":"2016","v":"2016"},
  {"n":"2015","v":"2015"},
  {"n":"2014","v":"2014"},
  {"n":"2013","v":"2013"},
  {"n":"2012","v":"2012"},
  {"n":"2011","v":"2011"},
  {"n":"2010","v":"2010"},
  {"n":"2009","v":"2009"},
  {"n":"2008","v":"2008"},
  {"n":"2007","v":"2007"},
  {"n":"2006","v":"2006"},
  {"n":"2005","v":"2005"},
  {"n":"2004","v":"2004"},
  {"n":"2003","v":"2003"},
  {"n":"2002","v":"2002"},
  {"n":"2001","v":"2001"},
  {"n":"2000","v":"2000"},
  {"n":"1999","v":"1999"},
  {"n":"1998","v":"1998"},
  {"n":"1997","v":"1997"},
  {"n":"1996","v":"1996"},
  {"n":"1995","v":"1995"},
  {"n":"1994","v":"1994"},
  {"n":"1993","v":"1993"},
  {"n":"1992","v":"1992"},
  {"n":"1991","v":"1991"},
  {"n":"1990","v":"1990"}]},
  
  {"key":"by","name":"排序","value":[
  {"n":"时间","v":"time"},
  {"n":"人气","v":"hits"},
  {"n":"评分","v":"score"}]}],
  
"dongman":[
  {"key":"cateId","name":"类型","value":[
  {"n":"全部","v":"dongman"},
  {"n":"日本动漫","v":"ribendongman"},
  {"n":"大陆动漫","v":"daludongman"},
  {"n":"欧美动漫","v":"oumeidongman"}]},
  
  {"key":"class","name":"剧情","value":[
  {"n":"全部","v":""},
  {"n":"情感","v":"情感"},
  {"n":"科幻","v":"科幻"},
  {"n":"热血","v":"热血"},
  {"n":"推理","v":"推理"},
  {"n":"搞笑","v":"搞笑"},
  {"n":"冒险","v":"冒险"},
  {"n":"萝莉","v":"萝莉"},
  {"n":"校园","v":"校园"},
  {"n":"动作","v":"动作"},
  {"n":"机战","v":"机战"},
  {"n":"运动","v":"运动"},
  {"n":"战争","v":"战争"},
  {"n":"少年","v":"少年"},
  {"n":"少女","v":"少女"},
  {"n":"社会","v":"社会"},
  {"n":"原创","v":"原创"},
  {"n":"亲子","v":"亲子"},
  {"n":"益智","v":"益智"},
  {"n":"励志","v":"励志"},
  {"n":"其他","v":"其他"}]},
  
  {"key":"area","name":"地区","value":[
  {"n":"全部","v":""},
  {"n":"国产","v":"国产"},
  {"n":"日本","v":"日本"},
  {"n":"欧美","v":"欧美"},
  {"n":"其他","v":"其他"}]},
  
  {"key":"year","name":"年份","value":[
  {"n":"全部","v":""},
  {"n":"2021","v":"2021"},
  {"n":"2020","v":"2020"},
  {"n":"2019","v":"2019"},
  {"n":"2018","v":"2018"},
  {"n":"2017","v":"2017"},
  {"n":"2016","v":"2016"},
  {"n":"2015","v":"2015"},
  {"n":"2014","v":"2014"},
  {"n":"2013","v":"2013"},
  {"n":"2012","v":"2012"},
  {"n":"2011","v":"2011"},
  {"n":"2010","v":"2010"},
  {"n":"2009","v":"2009"},
  {"n":"2008","v":"2008"},
  {"n":"2007","v":"2007"},
  {"n":"2006","v":"2006"},
  {"n":"2005","v":"2005"},
  {"n":"2004","v":"2004"},
  {"n":"2003","v":"2003"},
  {"n":"2002","v":"2002"},
  {"n":"2001","v":"2001"},
  {"n":"2000","v":"2000"},
  {"n":"1999","v":"1999"},
  {"n":"1998","v":"1998"},
  {"n":"1997","v":"1997"},
  {"n":"1996","v":"1996"},
  {"n":"1995","v":"1995"},
  {"n":"1994","v":"1994"},
  {"n":"1993","v":"1993"},
  {"n":"1992","v":"1992"},
  {"n":"1991","v":"1991"},
  {"n":"1990","v":"1990"}]},
  
  {"key":"by","name":"排序","value":[
  {"n":"时间","v":"time"},
  {"n":"人气","v":"hits"},
  {"n":"评分","v":"score"}]}]}
}