{
"直接播放":"1",
"站名":"黄仓库",
"主页url":"http://fjhsck.cc",
"数组":"<a class=\"stui-vodlist__thumb&&</a>",
"图片":"data-original=\"&&\"",
"标题":"title=\"&&\"",
"链接":"href=\"&&\"",
"副标题":"<span class=\"pic-text text-right\">&&</span>",
"影片类型":"<div class=\"stui-player__foot\"&&</div>",
"导演":"导演：&&</p>",
"主演":"主演：&&</p>",
"简介":"简介：&&</p>",
"搜索url": "/vodsearch/{wd}----------{pg}---.html",
"搜索模式":"0",
"搜索数组":"<a class=\"stui-vodlist__thumb&&</a>",
"搜索图片":"data-original=\"&&\"",
"搜索标题":"title=\"&&\"",
"搜索链接":"href=\"&&\"",
"播放二次截取": "<div class=\"stui-vodlist__detail\">&&</div>",
"播放数组": "<h4 class=\"title\"&&</h4>",
"列表二次截取": "",
"播放列表": "<a&&/a>",
"播放标题": ">&&<",
"播放链接": "href=\"&&\"",
"免嗅":"0",
"嗅探词":".m3u8#.mp4#.flv#.m4a#.avi#.mkv#.mov#.3gp#.asf#.rm#.rmvb#.wmv#.mpg#.mpeg#.mpe#.ts#.vob#.mp3#.wma",
"分类":"日韩AV$1#国产系列$2#欧美$3#成人动漫$4#无码中文$8#有码中文$9#日本无码$10#日本有码$7#国产视频$15#欧美高清$21#动漫剧情$22",
"分类url":"http://fjhsck.cc/vodtype/{cateId}-{catePg}.html"
}