{
    "规则名": "看奈飞",
    "规则作者": "",
    "请求头参数": "User-Agent$PC_UA#Referer$WebView",
    "网页编码格式": "UTF-8",
    "图片是否需要代理": "0",
    "是否开启获取首页数据": "1",
    "首页推荐链接": "https://kanetflix.com",
    "首页列表数组规则": "body&&.module-main.tab-list.active",
    "首页片单列表数组规则": ".module-item",
    "首页片单是否Jsoup写法": "1",
    "分类起始页码": "1",
    "分类链接": "https://kanetflix.com/vodshow/-----------/area/{area}/class/{class}/id/{cateId}/lang/%E5%9B%BD%E8%AF%AD/page/{catePg}/year/{year}.html",    
    "分类名称": "电影&连续剧&综艺&动漫&",
    "分类名称替换词": "1&2&3&4&5&",
    "筛选数据": "ext",
    //{cateId}
    "筛选子分类名称": "伦理片&纪录片&悬疑片&动画片&犯罪片&奇幻片&邵氏电影&其他片&冒险片&惊悚片&动作片&喜剧片&爱情片&科幻片&恐怖片&剧情片&战争片||香港剧&韩国剧&海外剧&泰国剧&其他剧&国产剧&台湾剧&欧美剧&日本剧||大陆综艺&日韩综艺&港台综艺&欧美综艺||国产动漫&日韩动漫&欧美动漫&海外动漫&港台动漫",
    "筛选子分类替换词": "20&21&22&23&24&25&26&39&41&42&6&7&8&9&10&11&12||27&28&29&30&40&13&14&15&16||31&32&33&34||35&36&37&38&43",
    //{class}
    "筛选类型名称": "喜剧&爱情&恐怖&动作&科幻&剧情&战争&警匪&犯罪&动画&奇幻&武侠&冒险&枪战&恐怖&悬疑&惊悚&经典&青春&文艺&微电影&古装&历史&运动&农村&儿童&网络电影||古装&战争&青春偶像&喜剧&家庭&犯罪&动作&奇幻&剧情&历史&经典&乡村&情景&商战&网剧&其他||选秀&情感&访谈&播报&旅游&音乐&美食&纪实&曲艺&生活&游戏互动&财经&求职||情感&科幻&热血&推理&搞笑&冒险&萝莉&校园&动作&机战&运动&战争&少年&少女&社会&原创&亲子&益智&励志&其他",
    "筛选类型替换词": "*",
    //{area}
    "筛选地区名称": "大陆&香港&台湾&美国&法国&英国&日本&韩国&德国&泰国&印度&意大利&西班牙&加拿大&其他||内地&韩国&香港&台湾&日本&美国&泰国&英国&新加坡&其他||内地&港台&日韩&欧美||国产&日本&欧美&其他",
    "筛选地区替换词": "*",
    //{year}
    "筛选年份名称": "2023&2022&2021&2020&2019&2018&2017&2016&2015&2014&2013&2012&2011&2010&2009&2008&2007&2006&2005&2004&2003&2002&2001&2000||2023&2022&2021&2020&2019&2018&2017&2016&2015&2014&2013&2012&2011&2010&2009&2008&2007&2006&2005&2004&2003&2002&2001&2000||2023&2022&2021&2020&2019&2018&2017&2016&2015&2014&2013&2012&2011&2010&2009&2008&2007&2006&2005&2004&2003&2002&2001&2000||2023&2022&2021&2020&2019&2018&2017&2016&2015&2014&2013&2012&2011&2010&2009&2008&2007&2006&2005&2004&2003&2002&2001&2000",
    "筛选年份替换词": "*",
    //{lang}
    "筛选语言名称": "国语&英语&粤语&闽南语&韩语&日语&法语&德语&其它||国语&英语&粤语&闽南语&韩语&日语&其它||国语&英语&粤语&闽南语&韩语&日语&其它||国语&英语&粤语&闽南语&韩语&日语&其它",
    "筛选语言替换词": "*",
    //{by}
    "筛选排序名称": "时间排序&人气排序&评分排序",
    "筛选排序替换词": "time&hits&score",
    "分类截取模式": "1",
    "分类列表数组规则": "body&&.module-item",
    "分类片单是否Jsoup写法": "1",
    "分类片单标题": "a&&title",
    "分类片单链接": "a&&href",
    "分类片单图片": ".lazyload&&data-original",
    "分类片单副标题": ".module-item-note&&Text",
    "分类片单链接加前缀": "https://kanetflix.com",
    "分类片单链接加后缀": "",
    "搜索请求头参数": "User-Agent$PC_UA",
    "搜索链接": "https://kanetflix.com/vodsearch/-------------/page/2/wd/{wd}.html",
    "POST请求数据": "vodsearch={wd}",
    "搜索截取模式": "1",
    "搜索列表数组规则": ".module-items&&.module-item",
    "搜索片单是否Jsoup写法": "1",
    "搜索片单图片": ".lazyload&&data-original",
    "搜索片单标题": ".module-card-item-title&&Text",
    "搜索片单链接": "a&&href",
    "搜索片单副标题": ".module-item-note&&Text",
    "搜索片单链接加前缀": "https://kanetflix.com",
    "搜索片单链接加后缀": "",
    "链接是否直接播放": "0",
    "直接播放链接加前缀": "https://kanetflix.com",
    "直接播放链接加后缀": "#isVideo=true#",
    "直接播放直链视频请求头": "",
    "详情是否Jsoup写法": "1",
    "类型详情": ".module-info-tag-link,2&&Text",
    "年代详情": ".module-info-tag-link,0&&Text",
    "地区详情": ".module-info-tag-link,1&&Text",
    "演员详情": ".module-info-item,2||,3&&.module-info-item-content&&Text",
    "简介详情": ".module-info-introduction-content,0&&p,0&&Text",
    "线路列表数组规则": "#y-playList&&.module-tab-item",
    "线路标题": "Text",
    "播放列表数组规则": "body&&.module-play-list-content",
    "选集列表数组规则": "a",
    "选集标题链接是否Jsoup写法": "1",
    "选集标题": "a&&Text",
    "选集链接": "a&&href",
    "是否反转选集序列": "0",
    "选集链接加前缀": "https://kanetflix.com",
    "选集链接加后缀": "",
    "分析MacPlayer": "1",
    "是否开启手动嗅探": "0",
    "手动嗅探视频链接关键词": ".mp4#.m3u8#.flv",
    "手动嗅探视频链接过滤词": ".html#=http"
}