{
    "规则名": "3377影视",
    "规则作者": "",
    "请求头参数": "User-Agent$MOBILE_UA#Referer$WebView",
    "网页编码格式": "UTF-8",
    "图片是否需要代理": "0",
    "是否开启获取首页数据": "1",
    "首页推荐链接": "https://zghcy.com/",
    "首页列表数组规则": "body&&.col-lg-6.col-md-6.col-sm-4.col-xs-3",
    "首页片单列表数组规则": ".myui-vodlist__box",
    "首页片单是否Jsoup写法": "1",
    "分类起始页码": "1",
    "分类链接": "https://zghcy.com/vod-show-area-{area}-id-{cateId}-lang-{lang}-page-{catePg}-year-2023.html;",
    "分类名称": "电影&电视剧&动漫&综艺&纪录片",
    "分类名称替换词": "1&2&4&3&5",
    //"筛选数据": {},
    "筛选数据": "ext",
    //{cateId}
    "筛选子分类名称": "动作片&喜剧片&爱情片&恐怖片&犯罪片&科幻片&惊悚片&战争片&悬疑片&灾难片&冒险片&剧情片&武侠片&奇幻片&伦理片&动画片&历史片&传记片&歌舞片&其他片||国产剧&港台剧&日韩剧&欧美剧&海外剧&其他剧||大陆综艺&日韩综艺&其他综艺||国产动漫&日韩动漫&欧美动漫||||",
    "筛选子分类替换词": "6&7&8&10&21&9&32&12&27&33&28&11&45&17&20&22&40&39&38&37||13&14&15&16&35&36||23&25&26||42&43&44||||",
    //{class}
    "筛选类型名称": "剧情&喜剧&爱情&恐怖&动作&科幻&剧情&战争&警匪&犯罪&动画&奇幻&武侠&冒险&枪战&恐怖&悬疑&惊悚&经典&青春&文艺&微电影&古装&历史&运动&农村&儿童&网络电影||剧情&古装&战争&青春偶像&喜剧&家庭&犯罪&动作&奇幻&剧情&历史&经典&乡村&情景&商战&网剧&其他||剧情&选秀&情感&访谈&播报&旅游&音乐&美食&纪实&曲艺&生活&游戏互动&财经&求职||剧情&情感&科幻&热血&推理&搞笑&冒险&萝莉&校园&动作&机战&运动&战争&少年&少女&社会&原创&亲子&益智&励志&其他||||",
    "筛选类型替换词": "*",
    //{area}
    "筛选地区名称": "地区&大陆&香港&台湾&美国&法国&英国&日本&韩国&德国&泰国&印度&意大利&西班牙&加拿大&其他||地区&内地&韩国&香港&台湾&日本&美国&泰国&英国&新加坡&其他||地区&内地&港台&日韩&欧美||地区&国产&日本&欧美&其他||||",
    "筛选地区替换词": "*",
    //{year}
    "筛选年份名称": "2023&2022&2021&2020&2019&2018&2017&2016&2015&2014&2013&2012&2011&2010||2023&2022&2021&2020&2019&2018&2017&2016&2015&2014&2013&2012&2011&2010||2023&2022&2021&2020&2019&2018&2017&2016&2015&2014&2013&2012&2011&2010||2022&2021&2020&2019&2018&2017&2016&2015&2014&2013&2012&2011&2010||||",
    "筛选年份替换词": "*",
    //{lang}
    "筛选语言名称": "国语&英语&粤语&闽南语&韩语&日语&法语&德语&其它||国语&英语&粤语&闽南语&韩语&日语&其它||国语&英语&粤语&闽南语&韩语&日语&其它||国语&英语&粤语&闽南语&韩语&日语&其它||||",
    "筛选语言替换词": "*",
    //{by}
    "筛选排序名称": "时间&人气&评分",
    "筛选排序替换词": "time&hits&score",
    "分类截取模式": "1",
    "分类列表数组规则": "body&&.col-lg-8.col-md-6.col-sm-4",
    "分类片单是否Jsoup写法": "1",
    "分类片单标题": "a&&title",
    "分类片单链接": "a&&href",
    "分类片单图片": "a&&data-original",
    "分类片单副标题": ".pic-text&&Text",
    "分类片单链接加前缀": "https://zghcy.com",
    "分类片单链接加后缀": "",
    
    "搜索请求头参数": "User-Agent$MOBILE_UA",
    "搜索链接":"https://zghcy.com/vod-search-page-2-wd-{wd}.html",
    "POST请求数据": "",
    "搜索截取模式": "1",
    "搜索列表数组规则": "body&&.thumb",
    "搜索片单是否Jsoup写法": "1",
    "搜索片单图片": "a&&data-original",
    "搜索片单标题": "a&&title",
    "搜索片单链接": "a&&href",
    "搜索片单副标题": ".pic-text.text-right&&Text",
    "搜索片单链接加前缀":"https://zghcy.com",
    "搜索片单链接加后缀": "",
    "链接是否直接播放": "0",
    "直接播放链接加前缀": "https://zghcy.com",
    "直接播放链接加后缀": "#isVideo=true#",
    "直接播放直链视频请求头": "",
    "详情是否Jsoup写法": "0",
    "类型详情": "",
    "年代详情": "",
    "地区详情": "",
    "演员详情": "主演：</span>&&</p",
    "简介详情":"class=\"sketch content\">&&</span",
    "线路列表数组规则": ".nav&&li",
    "线路标题": "a&&Text",
    "播放列表数组规则": "body&&.myui-content__list",
    "选集列表数组规则": "a",
    "选集标题链接是否Jsoup写法": "1",
    "选集标题": "a&&Text",
    "选集链接": "a&&href",
    "是否反转选集序列": "0",
    "选集链接加前缀": "https://zghcy.com",
    "选集链接加后缀": "",
    "分析MacPlayer": "0",
    "是否开启手动嗅探": "0",
    "手动嗅探视频链接关键词": ".mp4#.m3u8#",
    "手动嗅探视频链接过滤词": ".html#=http"
}
