{
	"规则名": "fosit",
	"规则作者": "sm",
	"请求头参数": "User-Agent$MOBILE_UA#Referer$WebView",
	"网页编码格式": "UTF-8",
	"图片是否需要代理": "0",
	"是否开启获取首页数据": "1",
	"首页推荐链接": "https://fositv.com",
	"首页列表数组规则": "body&&.myui-vodlist",
	"首页片单列表数组规则": ".myui-vodlist__box",
	"首页片单是否Jsoup写法": "1",
	"分类起始页码": "1",
	"分类链接": "https://fositv.com/vod_________________________show/{cateId}-{aea}-{by}------{catePg}---{year}.html",
	"分类名称": "电影&电视剧&综艺&动漫&记录",
	"分类名称替换词": "1&2&3&4&5",
	"筛选数据": "ext",
	//{cateId}
	"筛选子分类名称": "动作&喜剧&爱情&科幻&剧情&悬疑&惊悚&恐怖&犯罪&谍战&冒险&奇幻&灾难&战争&动画&歌舞&历史&传记&纪录&其他||武侠&喜剧&爱情&剧情&青春&悬疑&科幻&军事&警匪&谍战&奇幻&偶像&年代&乡村&都市&家庭&古装&历史&神话&其他||脱口秀&真人秀&搞笑&访谈&生活&晚会&美食&游戏&亲子&旅游&文化&体育&时尚&纪实&益智&演艺&歌舞&音乐&播报&其他||热血&格斗&恋爱&美少女&校园&搞笑&LOLI&神魔&机战&科幻&真人&青春&魔法&神话&冒险&运动&竞技&童话&亲子&教育&励志&剧情&社会&历史&战争&其他||人物&军事&历史&自然&探险&科技&文化&刑侦&社会&旅游&其他",
	"筛选子分类替换词": "101&102&103&104&105&106&107&108&109&110&111&112&113&114&115&116&117&118&119&120||201&202&203&204&205&206&207&208&209&210&211&212&213&214&215&216&217&218&219&220||301&302&303&304&305&306&307&308&309&310&311&312&313&314&315&316&317&318&319&320||401&402&403&404&405&406&407&408&409&410&411&412&413&414&415&416&417&418&419&420&421&422&423&424&425&426||501&502&503&504&505&506&507&508&509&510&511",
	//{class}
	"筛选类型名称": "",
	"筛选类型替换词": "*",
	//{area}
	"筛选地区名称": "中国大陆&中国香港&中国台湾&美国&韩国&日本&法国&英国&德国&泰国&印度&其他",
	"筛选地区替换词": "*",
	//{year}
	"筛选年份名称": "2022&2021&2020&2019&2018&2017&2016&2015&2014&2013&2012&2011&2010&2009&2008&2007&2006&2005&2004&2003&2002&2001&2000",
	"筛选年份替换词": "*",
	//{lang}
	"筛选语言名称": "",
	"筛选语言替换词": "*",
	//{by}
	"筛选排序名称": "最新排序&人气排序&评分排序",
	"筛选排序替换词": "time&hits&score",
	"分类截取模式": "1",
	"分类列表数组规则": "body&&.col-lg-8.col-md-6.col-sm-4.col-xs-3",
	"分类片单是否Jsoup写法": "1",
	"分类片单标题": "a&&title",
	"分类片单链接": "a&&href",
	"分类片单图片": "a&&data-original",
	"分类片单副标题": ".pic-text.text-right&&Text",
	"分类片单链接加前缀": "https://fositv.com",
	"分类片单链接加后缀": "",

	"搜索请求头参数": "手机",
	"搜索链接": "https://fositv.com/vod_________________________search/-------------.html?wd={wd}&submit=",
	"POST请求数据": "",
	"搜索截取模式": "1",
	"搜索列表数组规则": "#searchList&&.thumb",
	"搜索片单是否Jsoup写法": "1",
	"搜索片单图片": "a&&data-original",
	"搜索片单标题": "a&&title",
	"搜索片单链接": "a&&href",
	"搜索片单副标题": ".pic-text.text-right&&Text",
	"搜索片单链接加前缀": "https://fositv.com",
	"搜索片单链接加后缀": "",


	"链接是否直接播放": "0",
	"直接播放链接加前缀": "",
	"直接播放链接加后缀": "#isVideo=true#",
	"直接播放直链视频请求头": "",
	"详情是否Jsoup写法": "1",
	"类型详情": "body&&.myui-content__tag&&Text!关键词：",
	"年代详情": "",
	"地区详情": "",
	"演员详情": "body&&.col-pd.text-collapse&&p:contains(主演)&&Text!主演：",
	"简介详情": "body&&.sketch.content&&Text",
	"线路列表数组规则": ".nav.nav-tabs&&li",
	"线路标题": "a&&Text",
	"播放列表数组规则": "body&&.myui-content__list",
	"选集列表数组规则": "a",
	"选集标题链接是否Jsoup写法": "1",
	"选集标题": "a&&Text",
	"选集链接": "a&&href",
	"是否反转选集序列": "0",
	"选集链接加前缀": "https://fositv.com",
	"选集链接加后缀": "",
	"分析MacPlayer": "0",
	"是否开启手动嗅探": "0",
	"手动嗅探视频链接关键词": ".mp4#.m3u8#.flv",
	"手动嗅探视频链接过滤词": ".html#=http"
}