{
    "规则名": "蓝蝶影视",
    "规则作者": "",
    "请求头参数": "手机",
    "网页编码格式": "UTF-8",
    "图片是否需要代理": "0",
    "是否开启获取首页数据": "0",
    "首页推荐链接": "http://www.qiip.cc",
    "首页列表数组规则": "body&&.stui-vodlist:has(h4)",
    "首页片单列表数组规则": "li",
    "首页片单是否Jsoup写法": "1",
    "分类起始页码": "1",
    "分类链接": "https://www.qiip.cc/vod/show/area/{area}/class/{class}/id/{cateId}/lang/{lang}/page/{catePg}/year/{year}.html",
    "分类名称": "电影&电视剧&综艺&动漫&FIFA世界杯",
    "分类名称替换词": "1&2&3&4&32",
    "筛选数据": "ext",
    //"筛选数据": "ext",
    //{cateId}
    "筛选子分类名称": "动作片&喜剧片&爱情片&科幻片&恐怖片&剧情片&战争片&纪录片&动画片&伦理片||国产剧&港台剧&日韩剧&欧美剧&泰国剧||大陆综艺&港台综艺&韩国综艺&欧美综艺||国产动漫&日本动漫&欧美动漫&海外动漫",
    "筛选子分类替换词": "6&7&8&9&10&11&12&20&26&25||13&14&15&16&27||21&22&23&24||28&29&30&31",
    //{class}
    "筛选类型名称": "喜剧&爱情&恐怖&动作&科幻&剧情&战争&警匪&犯罪&动画&奇幻&武侠&冒险&枪战&恐怖&悬疑&惊悚&经典&青春&文艺&微电影&古装&历史&运动&农村&儿童&网络电影||古装&战争&青春偶像&喜剧&家庭&犯罪&动作&奇幻&剧情&历史&经典&乡村&情景&商战&网剧&其他||选秀&情感&访谈&播报&旅游&音乐&美食&纪实&曲艺&生活&游戏互动&财经&求职||情感&科幻&热血&推理&搞笑&冒险&萝莉&校园&动作&机战&运动&战争&少年&少女&社会&原创&亲子&益智&励志&其他",
    "筛选类型替换词": "*",
    //{area}
    "筛选地区名称": "大陆&香港&台湾&美国&法国&英国&日本&韩国&德国&泰国&印度&意大利&西班牙&加拿大&其他||内地&韩国&香港&台湾&日本&美国&泰国&英国&新加坡&其他||内地&港台&日韩&欧美||国产&日本&欧美&其他",
    "筛选地区替换词": "*",
    //{year}
    "筛选年份名称": "2022&2021&2020&2019&2018&2017&2016&2015&2014&2013&2012&2011&2010||2018&2017&2016&2015&2014&2013&2012&2011&2010&2009&2008&2006&2005&2004||2018&2017&2016&2015&2014&2013&2012&2011&2010&2009&2008&2007&2006&2005&2004||2018&2017&2016&2015&2014&2013&2012&2011&2010&2009&2008&2007&2006&2005&2004",
    "筛选年份替换词": "*",
    //{lang}
    "筛选语言名称": "国语&英语&粤语&闽南语&韩语&日语&法语&德语&其它||国语&英语&粤语&闽南语&韩语&日语&其它||国语&英语&粤语&闽南语&韩语&日语&其它||国语&英语&粤语&闽南语&韩语&日语&其它",
    "筛选语言替换词": "*",
    //{by}
    "筛选排序名称": "时间&人气&评分",
    "筛选排序替换词": "time&hits&score",
    "分类截取模式": "1",
    "分类列表数组规则": ".stui-vodlist&&li",
    "分类片单是否Jsoup写法": "1",
    "分类片单标题": "h4&&a&&Text",
    "分类片单链接": "h4&&a&&href",
    "分类片单图片": ".lazyload&&data-original",
    "分类片单副标题": ".pic-text&&Text",
    "分类片单链接加前缀": "https://www.qiip.cc",
    "分类片单链接加后缀": "",
    "搜索请求头参数": "User-Agent$手机",
    "搜索链接": "https://www.qiip.cc/vod/search/page/2/wd/{wd}.html",
    "POST请求数据": "",
    "搜索截取模式": "1",
    "搜索列表数组规则": ".stui-vodlist__media&&li",
    "搜索片单是否Jsoup写法": "1",
    "搜索片单图片": ".lazyload&&data-original",
    "搜索片单标题": "h3&&a&&Text",
    "搜索片单链接": "h3&&a&&href",
    "搜索片单副标题": ".pic-text&&Text",
    "搜索片单链接加前缀": "http://www.qiip.cc",
    "搜索片单链接加后缀": "",
    "链接是否直接播放": "0",
    "直接播放链接加前缀": "http://www.qiip.cc",
    "直接播放链接加后缀": "#isVideo=true#",
    "直接播放直链视频请求头": "",
    "详情是否Jsoup写法": "0",
    "类型详情": "类型：</span>&&</a>",
    "年代详情": "年份：</span>&&</a>",
    "地区详情": "地区：</span>&&</a>",
    "演员详情": "主演：</span>&&</p>",
    "简介详情": "简介：</span>&&</p>",
    "线路列表数组规则": "body&&.bottom-line",
    "线路标题": "h3&&Text",
    "播放列表数组规则": "body&&.stui-content__playlist",
    "选集列表数组规则": "li",
    "选集标题链接是否Jsoup写法": "1",
    "选集标题": "a&&Text",
    "选集链接": "a&&href",
    "是否反转选集序列": "0",
    "选集链接加前缀": "http://www.qiip.cc",
    "选集链接加后缀": "",
    "分析MacPlayer": "0",
    "是否开启手动嗅探": "0",
    "手动嗅探视频链接关键词": ".mp4#.m3u8#.flv#video/tos",
    "手动嗅探视频链接过滤词": ".html#=http"
}