{
"作者":"那里花开",
"站名":"333影视",
"主页url":"https://www.ylwt33.com",
"起始页": "2",
"数组":"<div class=\"myui-vodlist__box\">&&</div>",
"副标题":"<div class=\"myui-vodlist__box\">&&</span>",
"线路标题":"<img src=>&&<",
"播放数组":"<ul class=\"myui-content__list&&</ul>",
"导演":"导演：&&</p>",
"主演":"主演：&&</p>",
"简介":" <span class=\"sketch content\">&&</span>",
"免嗅":"1",
"分类url":"https://www.ylwt33.com/vodshow/{cateId}-{area}-{by}-{class}-{lang}-------{year}.html",
"分类":"电影$1#电视剧$2#综艺$3#动漫$4",
"筛选":
{
"1":[

{"key":"class",
"name":"类型",
"value":[
{"n":"全部","v":""},
{"n":"动作","v":"动作"},
{"n":"喜剧","v":"喜剧"},
{"n":"爱情","v":"爱情"},
{"n":"科幻","v":"科幻"},
{"n":"恐怖","v":"恐怖"},
{"n":"悬疑","v":"悬疑"},
{"n":"惊悚","v":"惊悚"},
{"n":"犯罪","v":"犯罪"},
{"n":"剧情","v":"剧情"},
{"n":"战争","v":"战争"},
{"n":"动画","v":"动画"},
{"n":"奇幻","v":"奇幻"},
{"n":"武侠","v":"武侠"},
{"n":"古装","v":"古装"},
{"n":"冒险","v":"冒险"},
{"n":"历史","v":"历史"},
{"n":"歌舞","v":"歌舞"},
{"n":"家庭","v":"家庭"},
{"n":"网络","v":"网络"}]},

{"key":"area",
"name":"地区",
"value":[
{"n":"全部","v":""},
{"n":"内地","v":"内地"},
{"n":"香港","v":"香港"},
{"n":"台湾","v":"台湾"},
{"n":"日本","v":"日本"},
{"n":"韩国","v":"韩国"},
{"n":"泰国","v":"泰国"},
{"n":"美国","v":"美国"},
{"n":"印度","v":"印度"},
{"n":"法国","v":"法国"},
{"n":"英国","v":"英国"},
{"n":"俄罗斯","v":"俄罗斯"},
{"n":"德国","v":"德国"},
{"n":"西班牙","v":"西班牙"},
{"n":"意大利","v":"意大利"},
{"n":"澳大利亚","v":"澳大利亚"},
{"n":"荷兰","v":"荷兰"}]},

{"key":"lang",
"name":"语言",
"value":[
{"n":"全部","v":""},
{"n":"国语","v":"普通话"},
{"n":"粤语","v":"粤语"},
{"n":"英语","v":"英语"},
{"n":"日语","v":"日语"},
{"n":"韩语","v":"韩语"},
{"n":"泰语","v":"泰语"},
{"n":"法语","v":"法语"},
{"n":"俄语","v":"俄语"},
{"n":"德语","v":"德语"}]},

{"key":"year",
"name":"年份",
"value":[
{"n":"全部","v":""},
{"n":"2023","v":"2023"},
{"n":"2022","v":"2022"},
{"n":"2021","v":"2021"},
{"n":"2020","v":"2020"},
{"n":"2019","v":"2019"},
{"n":"2018","v":"2018"},
{"n":"2017","v":"2017"},
{"n":"2016","v":"2016"},
{"n":"2015","v":"2015"},
{"n":"2014","v":"2014"},
{"n":"2013","v":"2013"},
{"n":"2012","v":"2012"},
{"n":"2011","v":"2011"},
{"n":"2010","v":"2010"},
{"n":"2009","v":"2009"},
{"n":"2008","v":"2008"},
{"n":"2007","v":"2007"},
{"n":"2006","v":"2006"},
{"n":"2005","v":"2005"},
{"n":"2004","v":"2004"},
{"n":"2003","v":"2003"},
{"n":"2002","v":"2002"},
{"n":"2001","v":"2001"},
{"n":"2000","v":"2000"}]},

{"key":"by",
"name":"排序",
"value":[
{"n":"全部","v":""},
{"n":"时间","v":"time"},
{"n":"人气","v":"hits"},
{"n":"评分","v":"score"}]}],

"2":[
{"key":"class",
"name":"类型",
"value":[
{"n":"全部","v":""},
{"n":"爱情","v":"爱情"},
{"n":"古装","v":"古装"},
{"n":"悬疑","v":"悬疑"},
{"n":"惊悚","v":"惊悚"},
{"n":"恐怖","v":"恐怖"},
{"n":"剧情","v":"剧情"},
{"n":"现代","v":"现代"},
{"n":"都市","v":"都市"},
{"n":"偶像","v":"偶像"},
{"n":"悬疑","v":"悬疑"},
{"n":"农村","v":"农村"},
{"n":"历史","v":"历史"},
{"n":"警匪","v":"警匪"},
{"n":"家庭","v":"家庭"},
{"n":"奇幻","v":"奇幻"},
{"n":"武侠","v":"武侠"},
{"n":"科幻","v":"科幻"},
{"n":"犯罪","v":"犯罪"},
{"n":"谍战","v":"谍战"},
{"n":"穿越","v":"穿越"},
{"n":"宫廷","v":"宫廷"},
{"n":"神话","v":"神话"},
{"n":"网剧","v":"网剧"}]},

{"key":"area",
"name":"地区",
"value":[
{"n":"全部","v":""},
{"n":"内地","v":"内地"},
{"n":"香港","v":"香港"},
{"n":"台湾","v":"台湾"},
{"n":"日本","v":"日本"},
{"n":"韩国","v":"韩国"},
{"n":"泰国","v":"泰国"},
{"n":"美国","v":"美国"},
{"n":"印度","v":"印度"},
{"n":"德国","v":"德国"},
{"n":"法国","v":"法国"}]},

{"key":"lang",
"name":"语言",
"value":[
{"n":"全部","v":""},
{"n":"国语","v":"国语"},
{"n":"英语","v":"英语"},
{"n":"粤语","v":"粤语"},
{"n":"闽南语","v":"闽南语"},
{"n":"韩语","v":"韩语"},
{"n":"日语","v":"日语"},
{"n":"其它","v":"其他"}]},

{"key":"year",
"name":"年份",
"value":[
{"n":"全部","v":""},
{"n":"2023","v":"2023"},
{"n":"2022","v":"2022"},
{"n":"2021","v":"2021"},
{"n":"2020","v":"2020"},
{"n":"2019","v":"2019"},
{"n":"2018","v":"2018"},
{"n":"2017","v":"2017"},
{"n":"2016","v":"2016"},
{"n":"2015","v":"2015"},
{"n":"2014","v":"2014"},
{"n":"2013","v":"2013"},
{"n":"2012","v":"2012"},
{"n":"2011","v":"2011"},
{"n":"2010","v":"2010"},
{"n":"2009","v":"2009"},
{"n":"2008","v":"2008"},
{"n":"2007","v":"2007"},
{"n":"2006","v":"2006"},
{"n":"2005","v":"2005"},
{"n":"2004","v":"2004"},
{"n":"2003","v":"2003"},
{"n":"2002","v":"2002"},
{"n":"2001","v":"2001"},
{"n":"2000","v":"2000"}]},

{"key":"by",
"name":"排序",
"value":[
{"n":"全部","v":""},
{"n":"时间","v":"time"},
{"n":"人气","v":"hits"},
{"n":"评分","v":"score"}]}],

"3":[
{"key":"area",
"name":"地区",
"value":[
{"n":"全部","v":""},
{"n":"内地","v":"内地"},
{"n":"港台","v":"港台"},
{"n":"日韩","v":"日韩"},
{"n":"欧美","v":"欧美"}]},

{"key":"lang",
"name":"语言",
"value":[
{"n":"全部","v":""},
{"n":"国语","v":"国语"},
{"n":"英语","v":"英语"},
{"n":"粤语","v":"粤语"},
{"n":"闽南语","v":"闽南语"},
{"n":"韩语","v":"韩语"},
{"n":"日语","v":"日语"},
{"n":"其它","v":"其他"}]},

{"key":"year",
"name":"年份",
"value":[
{"n":"全部","v":""},
{"n":"2023","v":"2023"},
{"n":"2022","v":"2022"},
{"n":"2021","v":"2021"},
{"n":"2020","v":"2020"},
{"n":"2019","v":"2019"},
{"n":"2018","v":"2018"},
{"n":"2017","v":"2017"},
{"n":"2016","v":"2016"},
{"n":"2015","v":"2015"},
{"n":"2014","v":"2014"},
{"n":"2013","v":"2013"},
{"n":"2012","v":"2012"},
{"n":"2011","v":"2011"},
{"n":"2010","v":"2010"},
{"n":"2009","v":"2009"},
{"n":"2008","v":"2008"},
{"n":"2007","v":"2007"},
{"n":"2006","v":"2006"},
{"n":"2005","v":"2005"},
{"n":"2004","v":"2004"},
{"n":"2003","v":"2003"},
{"n":"2002","v":"2002"},
{"n":"2001","v":"2001"},
{"n":"2000","v":"2000"}]},

{"key":"by",
"name":"排序",
"value":[
{"n":"全部","v":""},
{"n":"时间","v":"time"},
{"n":"人气","v":"hits"},
{"n":"评分","v":"score"}]}],

"4":[
{"key":"class",
"name":"类型",
"value":[
{"n":"全部","v":""},
{"n":"情感","v":"情感"},
{"n":"科幻","v":"科幻"},
{"n":"热血","v":"热血"},
{"n":"推理","v":"推理"},
{"n":"搞笑","v":"搞笑"},
{"n":"冒险","v":"冒险"},
{"n":"萝莉","v":"萝莉"},
{"n":"校园","v":"校园"},
{"n":"动作","v":"动作"},
{"n":"机战","v":"机战"},
{"n":"运动","v":"运动"},
{"n":"战争","v":"战争"},
{"n":"少年","v":"少年"},
{"n":"少女","v":"少女"},
{"n":"社会","v":"社会"},
{"n":"原创","v":"原创"},
{"n":"亲子","v":"亲子"},
{"n":"益智","v":"益智"},
{"n":"励志","v":"励志"},
{"n":"其他","v":"其他"}]},

{"key":"area",
"name":"地区",
"value":[
{"n":"全部","v":""},
{"n":"国产","v":"国产"},
{"n":"日本","v":"日本"},
{"n":"欧美","v":"欧美"},
{"n":"其他","v":"其他"}]},

{"key":"lang",
"name":"语言",
"value":[
{"n":"全部","v":""},
{"n":"国语","v":"国语"},
{"n":"英语","v":"英语"},
{"n":"粤语","v":"粤语"},
{"n":"闽南语","v":"闽南语"},
{"n":"韩语","v":"韩语"},
{"n":"日语","v":"日语"},
{"n":"其它","v":"其他"}]},

{"key":"year",
"name":"年份",
"value":[
{"n":"全部","v":""},
{"n":"2023","v":"2023"},
{"n":"2022","v":"2022"},
{"n":"2021","v":"2021"},
{"n":"2020","v":"2020"},
{"n":"2019","v":"2019"},
{"n":"2018","v":"2018"},
{"n":"2017","v":"2017"},
{"n":"2016","v":"2016"},
{"n":"2015","v":"2015"},
{"n":"2014","v":"2014"},
{"n":"2013","v":"2013"},
{"n":"2012","v":"2012"},
{"n":"2011","v":"2011"},
{"n":"2010","v":"2010"},
{"n":"2009","v":"2009"},
{"n":"2008","v":"2008"},
{"n":"2007","v":"2007"},
{"n":"2006","v":"2006"},
{"n":"2005","v":"2005"},
{"n":"2004","v":"2004"},
{"n":"2003","v":"2003"},
{"n":"2002","v":"2002"},
{"n":"2001","v":"2001"},
{"n":"2000","v":"2000"}]},

{"key":"by",
"name":"排序",
"value":[
{"n":"全部","v":""},
{"n":"时间","v":"time"},
{"n":"人气","v":"hits"},
{"n":"评分","v":"score"}]}]}
}