{
"作者":"那里花开",
"站名":"600dvd",
"主页url":"http://www.600dvd.com/",
"倒序播放":"1",
"图片":"data-original=\"&&\"",
"副标题":"class=\"pic-text\">&&</a>",
"线路数组":"class=\"stui-pannel clearfix\"&&</div>",
"线路标题":"<h3 class=\"title\">&&</h3>",
"播放数组":"<ul class=\"stui-content__playlist clearfix\">&&</div>",
"导演":"导演：</span>&&</p>",
"主演":"主演：</span>&&</p>",
"简介":"简介：</span>&&</p>",
"分类":"电影$1#电视剧$2#综艺$3#动漫$4",
"分类url":"http://www.600dvd.com/list/{cateId}_1_desc_{by}_{class}_{year}__{area}_{lang}.html",

"筛选":{
"1":[
{"key":"cateId",
"name":"类型",
"value":[
{"n":"全部","v":""},
{"n":"动作片","v":"5"},
{"n":"喜剧片","v":"6"},
{"n":"爱情片","v":"7"},
{"n":"科幻片","v":"8"},
{"n":"恐怖片","v":"9"},
{"n":"剧情片","v":"10"},
{"n":"战争片","v":"11"},
{"n":"奇幻片","v":"16"},
{"n":"惊悚片","v":"17"},
{"n":"动画片","v":"18"},
{"n":"悬疑片","v":"19"},
{"n":"犯罪片","v":"20"},
{"n":"纪录片","v":"21"},
{"n":"音乐片","v":"22"},
{"n":"微电影","v":"23"},
{"n":"福利片","v":"36"}]},

{"key":"area",
"name":"地区",
"value":[
{"n":"全部","v":""},
{"n":"大陆","v":"大陆"},
{"n":"香港","v":"香港"},
{"n":"台湾","v":"台湾"},
{"n":"美国","v":"美国"},
{"n":"韩国","v":"韩国"},
{"n":"日本","v":"日本"},
{"n":"泰国","v":"泰国"},
{"n":"新加坡","v":"新加坡"},
{"n":"马来西亚","v":"马来西亚"},
{"n":"印度","v":"印度"},
{"n":"英国","v":"英国"},
{"n":"法国","v":"法国"},
{"n":"加拿大","v":"加拿大"},
{"n":"西班牙","v":"西班牙"},
{"n":"俄罗斯","v":"俄罗斯"},
{"n":"其他","v":"其他"}]},

{"key":"lang",
"name":"语言",
"value":[
{"n":"全部","v":""},
{"n":"国语","v":"国语"},
{"n":"英语","v":"英语"},
{"n":"粤语","v":"粤语"},
{"n":"闽南语","v":"闽南语"},
{"n":"韩语","v":"韩语"},
{"n":"日语","v":"日语"},
{"n":"法语","v":"法语"},
{"n":"德语","v":"德语"},
{"n":"其他","v":"其他"}]},

{"key":"year",
"name":"年份",
"value":[
{"n":"全部","v":"0"},
{"n":"2023","v":"2023"},
{"n":"2022","v":"2022"},
{"n":"2021","v":"2021"},
{"n":"2020","v":"2020"},
{"n":"2019","v":"2019"},
{"n":"2018","v":"2018"},
{"n":"2017","v":"2017"},
{"n":"2016","v":"2016"},
{"n":"2015","v":"2015"},
{"n":"2014","v":"2014"},
{"n":"2013","v":"2013"},
{"n":"2012","v":"2012"},
{"n":"2011","v":"2011"},
{"n":"2010","v":"2010"}]},

{"key":"by",
"name":"排序",
"value":[
{"n":"全部","v":""},
{"n":"时间","v":"time"},
{"n":"人气","v":"hits"},
{"n":"评分","v":"score"}]}],

"2":[
{"key":"cateId",
"name":"类型",
"value":[
{"n":"全部","v":""},
{"n":"大陆","v":"12"},
{"n":"港剧","v":"13"},
{"n":"韩剧","v":"14"},
{"n":"美剧","v":"15"},
{"n":"日剧","v":"24"},
{"n":"台剧","v":"25"},
{"n":"泰剧","v":"26"},
{"n":"越剧","v":"27"}]},

{"key":"area",
"name":"地区",
"value":[
{"n":"全部","v":""},
{"n":"大陆","v":"大陆"},
{"n":"香港","v":"香港"},
{"n":"台湾","v":"台湾"},
{"n":"美国","v":"美国"},
{"n":"韩国","v":"韩国"},
{"n":"日本","v":"日本"},
{"n":"泰国","v":"泰国"},
{"n":"新加坡","v":"新加坡"},
{"n":"马来西亚","v":"马来西亚"},
{"n":"印度","v":"印度"},
{"n":"英国","v":"英国"},
{"n":"法国","v":"法国"},
{"n":"加拿大","v":"加拿大"},
{"n":"西班牙","v":"西班牙"},
{"n":"俄罗斯","v":"俄罗斯"},
{"n":"其他","v":"其他"}]},

{"key":"lang",
"name":"语言",
"value":[
{"n":"全部","v":""},
{"n":"国语","v":"国语"},
{"n":"英语","v":"英语"},
{"n":"粤语","v":"粤语"},
{"n":"闽南语","v":"闽南语"},
{"n":"韩语","v":"韩语"},
{"n":"日语","v":"日语"},
{"n":"法语","v":"法语"},
{"n":"德语","v":"德语"},
{"n":"其他","v":"其他"}]},

{
"key":"year",
"name":"年份",
"value":[
{"n":"全部","v":"0"},
{"n":"2023","v":"2023"},
{"n":"2022","v":"2022"},
{"n":"2021","v":"2021"},
{"n":"2020","v":"2020"},
{"n":"2019","v":"2019"},
{"n":"2018","v":"2018"},
{"n":"2017","v":"2017"},
{"n":"2016","v":"2016"},
{"n":"2015","v":"2015"},
{"n":"2014","v":"2014"},
{"n":"2013","v":"2013"},
{"n":"2012","v":"2012"},
{"n":"2011","v":"2011"},
{"n":"2010","v":"2010"}]},

{"key":"by",
"name":"排序",
"value":[
{"n":"全部","v":""},
{"n":"时间","v":"time"},
{"n":"人气","v":"hits"},
{"n":"评分","v":"score"}]}],

"3":[
{"key":"cateId",
"name":"类型",
"value":[
{"n":"全部","v":""},
{"n":"大陆综艺","v":"28"},
{"n":"港台综艺","v":"29"},
{"n":"日韩综艺","v":"30"},
{"n":"欧美综艺","v":"31"}]},

{"key":"area",
"name":"地区",
"value":[
{"n":"全部","v":""},
{"n":"大陆","v":"大陆"},
{"n":"香港","v":"香港"},
{"n":"台湾","v":"台湾"},
{"n":"美国","v":"美国"},
{"n":"韩国","v":"韩国"},
{"n":"日本","v":"日本"},
{"n":"泰国","v":"泰国"},
{"n":"新加坡","v":"新加坡"},
{"n":"马来西亚","v":"马来西亚"},
{"n":"印度","v":"印度"},
{"n":"英国","v":"英国"},
{"n":"法国","v":"法国"},
{"n":"加拿大","v":"加拿大"},
{"n":"西班牙","v":"西班牙"},
{"n":"俄罗斯","v":"俄罗斯"},
{"n":"其他","v":"其他"}]},

{"key":"lang",
"name":"语言",
"value":[
{"n":"全部","v":""},
{"n":"国语","v":"国语"},
{"n":"英语","v":"英语"},
{"n":"粤语","v":"粤语"},
{"n":"闽南语","v":"闽南语"},
{"n":"韩语","v":"韩语"},
{"n":"日语","v":"日语"},
{"n":"法语","v":"法语"},
{"n":"德语","v":"德语"},
{"n":"其他","v":"其他"}]},

{"key":"year",
"name":"年份",
"value":[
{"n":"全部","v":"0"},
{"n":"2023","v":"2023"},
{"n":"2022","v":"2022"},
{"n":"2021","v":"2021"},
{"n":"2020","v":"2020"},
{"n":"2019","v":"2019"},
{"n":"2018","v":"2018"},
{"n":"2017","v":"2017"},
{"n":"2016","v":"2016"},
{"n":"2015","v":"2015"},
{"n":"2014","v":"2014"},
{"n":"2013","v":"2013"},
{"n":"2012","v":"2012"},
{"n":"2011","v":"2011"},
{"n":"2010","v":"2010"},
{"n":"2009","v":"2009"},
{"n":"2008","v":"2008"},
{"n":"2007","v":"2007"},
{"n":"2006","v":"2006"},
{"n":"2005","v":"2005"},
{"n":"2004","v":"2004"}]},

{"key":"by",
"name":"排序",
"value":[
{"n":"全部","v":""},
{"n":"时间","v":"time"},
{"n":"人气","v":"hits"},
{"n":"评分","v":"score"}]}],

"4":[
{"key":"cateId",
"name":"类型",
"value":[
{"n":"全部","v":""},
{"n":"国产动漫","v":"32"},
{"n":"日本动漫","v":"33"},
{"n":"港台动漫","v":"34"},
{"n":"其他动漫","v":"35"}]},

{"key":"area",
"name":"地区",
"value":[
{"n":"全部","v":""},
{"n":"大陆","v":"大陆"},
{"n":"香港","v":"香港"},
{"n":"台湾","v":"台湾"},
{"n":"美国","v":"美国"},
{"n":"韩国","v":"韩国"},
{"n":"日本","v":"日本"},
{"n":"泰国","v":"泰国"},
{"n":"新加坡","v":"新加坡"},
{"n":"马来西亚","v":"马来西亚"},
{"n":"印度","v":"印度"},
{"n":"英国","v":"英国"},
{"n":"法国","v":"法国"},
{"n":"加拿大","v":"加拿大"},
{"n":"西班牙","v":"西班牙"},
{"n":"俄罗斯","v":"俄罗斯"},
{"n":"其他","v":"其他"}]},

{"key":"year",
"name":"年份",
"value":[
{"n":"全部","v":"0"},
{"n":"2023","v":"2023"},
{"n":"2022","v":"2022"},
{"n":"2021","v":"2021"},
{"n":"2020","v":"2020"},
{"n":"2019","v":"2019"},
{"n":"2018","v":"2018"},
{"n":"2017","v":"2017"},
{"n":"2016","v":"2016"},
{"n":"2015","v":"2015"},
{"n":"2014","v":"2014"},
{"n":"2013","v":"2013"},
{"n":"2012","v":"2012"},
{"n":"2011","v":"2011"},
{"n":"2010","v":"2010"},
{"n":"2009","v":"2009"},
{"n":"2008","v":"2008"},
{"n":"2007","v":"2007"},
{"n":"2006","v":"2006"},
{"n":"2005","v":"2005"},
{"n":"2004","v":"2004"}
]
},
{
"key":"by",
"name":"排序",
"value":[
{"n":"全部","v":""},
{"n":"时间","v":"time"},
{"n":"人气","v":"hits"},
{"n":"评分","v":"score"}
]
}
]
}
}