{
    "title": "l0l影院",
    "author": "香雅情",
    "Headers": "User-Agent$MOBILE_UA",
    "PicNeedProxy": "0",
    "homeContent": "1",
    "rcmed_url": "https://www.l0l.tv",
    "home_arr_rule": "body&&.list-a",
    "hmepi_arr_rule": "li",
    "home_is_jsoup": "1",
    "home_title": "a&&title",
    "home_url": "a&&href",
    "home_pic": ".lazy&&data-original",
    "home_subtitle": ".list-remarks&&Text",
    "home_prefix": "https://www.l0l.tv",
    "home_suffix": "",
    "firstpage": "1",
    "class_url": "https://www.l0l.tv/index.php/vod/show/id/{cateId}/page/{catePg}.html",
    "class_name": "电影&电视剧&动漫&综艺",
    "class_value": "1&2&3&4",
    "filterdata": {},
    "cat_mode": "1",
    "cat_arr_rule": ".list-a&&li",
    "cat_is_jsoup": "1",
    "cat_subtitle": ".list-remarks&&Text",
    "SHeaders": "User-Agent$MOBILE_UA",
    "search_url": "https://www.l0l.tv/index.php/vod/search.html?wd={wd}",
    "sea_PtBody": "",
    "search_mode": "1",
    "sea_arr_rule": ".searchlilst&&li",
    "sea_pic": ".lazy&&data-original",
    "sea_title": "a&&title",
    "sea_url": "a&&href",
    "sea_subtitle": ".list-remarks&&Text",
    "search_prefix": "https://www.l0l.tv",
    "search_suffix": "",
    "force_play": "0",
    "play_prefix": "",
    "play_suffix": "",
    "play_header": "",
    "proj_is_jsoup": "0",
    "proj_actor": "演员：&&</p>",
    "proj_plot": "概要 : &&</p>",
    "tab_arr_rule": ".play_source_tab&&a",
    "tab_title": "Text",
    "list_arr_rule": "body&&.content_playlist",
    "epi_arr_rule": "li",
    "epi_title": "a&&Text",
    "epi_url": "a&&href",
    "epiurl_prefix": "https://www.l0l.tv",
    "epiurl_suffix": "",
    "Anal_MacPlayer": "0",
    "ManualSniffer": "0",
    "VideoFormat": ".mp4#.m3u8#.flv",
    "VideoFilter": ".html#=http"
}