{
    "作者": "劳思",
    "站名": "图图",
    "主页url": "http://45.207.11.9:7728",
    "请求头": "",
    "热门推荐": "0",
    "起始页": "1",
    "直接播放": "0",
    "倒序播放": "0",
    
    "二次截取": "",
    "数组": "data.list",
    "图片": "vod_pic",
    "标题": "vod_name",
    "副标题": "vod_remarks",
    "链接": "vod_id",
    "链接前缀": "http://45.207.11.9:7798/api.php/v1.vod/detilldata?vod_id=",
    
    "线路二次截取": "",
    "线路数组": "\"status\"&&\"show",
    "线路标题": "\"from\":\"&&\"",
    
    "状态":"\"vod_remarks\":\"&&\"",
    "导演": "\"vod_director\":\"&&\"",
    "主演": "\"vod_actor\":\"&&\"",
    "简介": "\"vod_content\":\"&&\"",
    
    "播放二次截取": "",
    "播放数组": "player\",\"list\":&&\"vid[替换:\">>'!']",
    "列表二次截取": "",
    "播放列表": "!&&!",
    "播放标题": "'&&$",
    "播放链接": "$&&'",
    "播放链接前缀": "",
    "免嗅": "0",
    "嗅探词":".m3u8#mp4",
    "过滤词":"",
    "播放请求头": "",

    "搜索url": "http://45.207.11.9:7798/api.php/v1.vod?wd={wd}&page={pg}",
    "搜索模式": "0",
    "搜索二次截取": "",
    "搜索数组": "class=\"myui-vodlist__thumb&&</li>",
    "搜索图片": "data-original=\"&&\"",
    "搜索标题": "title=\"&&\"",
    "搜索链接": "href=\"&&\"",
    "搜索链接前缀": "",

    "分类url": "http://45.207.11.9:7798/api.php/v1.vod?type={cateId}&page={catePg}",

    "分类": "电影$1#电视剧$2#动漫$3#综艺$4",
 
    "类型": "1--动作$101#喜剧$102#爱情$103#科幻$104#剧情$105#悬疑$106#惊悚$107#恐怖$108#犯罪$109#谍战$110#冒险$111#奇幻$112#灾难$113#战争$114#动画$115#歌舞$116#历史$117#传记$118#纪录$119||2--武侠$201#喜剧$202#爱情$203#剧情$204#青春$205#悬疑$206#科幻$207#军事$208#警匪$209#谍战$210#奇幻$211#偶像$212#都市$215#古装$217#历史$218#神话$219||3--脱口秀$301#真人秀$302#搞笑$303#访谈$304#生活$305#晚会$306#美食$307#游戏$308#亲子$309#旅游$310#文化$311#体育$312#时尚$313#纪实$314#益智$315#演艺$316#歌舞$317#音乐$318#播报$319||4--热血$401#格斗$402#恋爱$403#美少女$404#校园$405#搞笑$406#LOLI$407#神魔$408#机战$409#科幻$410#真人$411#青春$412#魔法$413#神话$414#冒险$415#运动$416#竞技$417#童话$418#亲子$419#教育$420||5--人物$501#军事$502#历史$503#自然$504#探险$505#科技$506#文化$507#刑侦$508#社会$509#旅游$510",
    "剧情": "0",
    /**
    *地区一般默认1就可以了，有的大际是中国大陆，就需要用替换法，与截取替换有区别："地区$地区值"同时存在，缺一不可，各组替换之间用||分隔
    */
    "地区": "替换[大陆$大陆>>中国大陆$中国大陆||香港$香港>>中国香港$中国香港||台湾$台湾>>中国台湾$中国台湾]",
    /**
    *年份默认1时，为2010-2022，自定义写法：起始年-截止年，如
    "年份": "2000-2020",
    */
    "年份": "",
    /**
    *排序默认1时，为英文模式，自定义写法：
    "排序": "时间$time#热门$hits",
    */
    "排序": "1",
    /**
    *可在"筛选"字段填外部json地址，支持本地clan和和外网http
    *可直接复制xp的json到"筛选"字段
    *"筛选"字段为1时，使用分项自定义，包括：类型cateId、剧情class、地区area、年份year、排序by，除类型外每个分项都有默认内置"1"
    */
    "筛选": "1"
    }
