{
"作者":"张弘",
"站名":"宝仙HD",
"主页url":"https://webdillo.com/",
"热门推荐":"1",
"起始页":"1",
"数组": "<li class=\"vodlist_item\">&&</li>",
"图片":"data-original=\"&&\"",
"标题":"title=\"&&\"",
"链接":"href=\"&&\"",
"副标题":"class=\"pic_text text_right\">&&</span>",
"搜索url": "https://webdillo.com/{wd}----------{pg}---.html",
"搜索模式": "1",
"搜索数组": "<li>&&</li>",
"搜索图片": "data-original=\"&&\"",
"搜索标题": "title=\"&&\"",
"搜索链接": "href=\"&&\"",
"搜索后缀":"/index.php/vod/detail/id/",
"线路数组":"class=\"tabs-play&&</li>",
"线路标题":"title=\"&&\">",
"播放数组":"class=\"content_playlist clearfix&&</ul>",
"状态":"地区：&&</li>",
"导演":"导演：&&</li>",
"主演":"主演：&&</li>",
"简介":"class=\"content_desc context clearfix\"&&</span>",
"播放列表":"<a&&/a>",
"播放标题":">&&<",
"播放链接":"href=\"&&\"",
"免嗅":"1",
"分类url":"https://webdillo.com/index.php/vod/show/area/{area}/by/{by}/class/{class}/id/{cateId}/letter/{letter}/year/{year}.html",
"分类":"电影$1#电视剧$2#综艺$3#动漫$4",
"筛选":
{
"1":[
{
"key":"cateId",
"name":"类型",
"value":[
{"n":"全部","v":""},
{"n":"动作片","v":"6"},
{"n":"喜剧片","v":"7"},
{"n":"爱情片","v":"8"},
{"n":"科幻片","v":"9"},
{"n":"恐怖片","v":"10"},
{"n":"剧情片","v":"11"},
{"n":"战争片","v":"12"},
{"n":"纪录片","v":"20"},
{"n":"直播","v":"21"},
{"n":"短片","v":"22"}
]
},
{
"key":"class",
"name":"剧情",
"value":[
{"n":"全部","v":""},
{"n":"喜剧","v":"喜剧"},
{"n":"爱情","v":"爱情"},
{"n":"恐怖","v":"恐怖"},
{"n":"动作","v":"动作"},
{"n":"科幻","v":"科幻"},
{"n":"剧情","v":"剧情"},
{"n":"战争","v":"战争"},
{"n":"纪录","v":"记录"},
{"n":"警匪","v":"警匪"},
{"n":"犯罪","v":"犯罪"},
{"n":"动画","v":"动画"},
{"n":"奇幻","v":"奇幻"},
{"n":"武侠","v":"武侠"},
{"n":"家庭","v":"家庭"},
{"n":"冒险","v":"冒险"},
{"n":"悬疑","v":"悬疑"},
{"n":"传记","v":"传记"},
{"n":"惊悚","v":"惊悚"},
{"n":"伦理","v":"伦理"},
{"n":"青春","v":"青春"},
{"n":"文艺","v":"文艺"},
{"n":"微电影","v":"微电影"},
{"n":"古装","v":"古装"},
{"n":"历史","v":"历史"},
{"n":"运动","v":"运动"},
{"n":"歌舞","v":"歌舞"},
{"n":"短片","v":"短片"},
{"n":"创意","v":"创意"},
{"n":"搞笑","v":"搞笑"},
{"n":"广告","v":"广告"},
{"n":"生活","v":"生活"},
{"n":"MV","v":"MV"},
{"n":"游戏","v":"游戏"},
{"n":"实验","v":"实验"},
{"n":"写真","v":"写真"},
{"n":"福利","v":"福利"}
]
},
{
"key":"area",
"name":"地区",
"value":[
{"n":"全部","v":""},
{"n":"大陆","v":"大陆"},
{"n":"香港","v":"香港"},
{"n":"台湾","v":"台湾"},
{"n":"美国","v":"美国"},
{"n":"法国","v":"法国"},
{"n":"英国","v":"英国"},
{"n":"日本","v":"日本"},
{"n":"韩国","v":"韩国"},
{"n":"德国","v":"德国"},
{"n":"泰国","v":"泰国"},
{"n":"印度","v":"印度"},
{"n":"意大利","v":"意大利"},
{"n":"西班牙","v":"西班牙"},
{"n":"加拿大","v":"加拿大"},
{"n":"其他","v":"其他"}
]
},
{
"key":"year",
"name":"年份",
"value":[
{"n":"全部","v":""},
{"n":"2022","v":"2022"},
{"n":"2021","v":"2021"},
{"n":"2020","v":"2020"},
{"n":"2019","v":"2019"},
{"n":"2018","v":"2018"},
{"n":"2017","v":"2017"},
{"n":"2016","v":"2016"},
{"n":"2015","v":"2015"},
{"n":"2014","v":"2014"},
{"n":"2013","v":"2013"},
{"n":"2012","v":"2012"},
{"n":"2011","v":"2011"},
{"n":"2010","v":"2010"},
{"n":"2009","v":"2009"},
{"n":"2008","v":"2008"},
{"n":"2007","v":"2007"},
{"n":"2006","v":"2006"},
{"n":"2005","v":"2005"},
{"n":"2004","v":"2004"},
{"n":"2003","v":"2003"},
{"n":"2002","v":"2002"},
{"n":"2001","v":"2001"},
{"n":"2000","v":"2000"}
]
},
{
"key":"by",
"name":"排序",
"value":[
{"n":"全部","v":""},
{"n":"最新","v":"time"},
{"n":"总榜","v":"hits"},
{"n":"月榜","v":"hits_month"},
{"n":"周榜","v":"hits_week"}
]
}
],
"2":[
{
"key":"cateId",
"name":"类型",
"value":[
{"n":"全部","v":""},
{"n":"国产剧","v":"13"},
{"n":"港台剧","v":"14"},
{"n":"日韩剧","v":"15"},
{"n":"海外剧","v":"16"}
]
},
{
"key":"class",
"name":"剧情",
"value":[
{"n":"全部","v":""},
{"n":"古装","v":"古装"},
{"n":"神话","v":"神话"},
{"n":"战争","v":"战争"},
{"n":"青春","v":"青春"},
{"n":"偶像","v":"偶像"},
{"n":"言情","v":"言情"},
{"n":"爱情","v":"爱情"},
{"n":"军旅","v":"军旅"},
{"n":"喜剧","v":"喜剧"},
{"n":"武侠","v":"武侠"},
{"n":"家庭","v":"家庭"},
{"n":"都市","v":"都市"},
{"n":"生活","v":"生活"},
{"n":"谍战","v":"谍战"},
{"n":"警匪","v":"警匪"},
{"n":"犯罪","v":"犯罪"},
{"n":"悬疑","v":"悬疑"},
{"n":"动作","v":"动作"},
{"n":"科幻","v":"科幻"},
{"n":"励志","v":"励志"},
{"n":"奇幻","v":"奇幻"},
{"n":"剧情","v":"剧情"},
{"n":"历史","v":"历史"},
{"n":"伦理","v":"伦理"},
{"n":"情景","v":"情景"},
{"n":"商战","v":"商战"},
{"n":"网剧","v":"网剧"},
{"n":"其它","v":"其他"}
]
},
{
"key":"area",
"name":"地区",
"value":[
{"n":"全部","v":""},
{"n":"大陆","v":"大陆"},
{"n":"香港","v":"香港"},
{"n":"台湾","v":"台湾"},
{"n":"美国","v":"美国"},
{"n":"法国","v":"法国"},
{"n":"英国","v":"英国"},
{"n":"日本","v":"日本"},
{"n":"韩国","v":"韩国"},
{"n":"德国","v":"德国"},
{"n":"泰国","v":"泰国"},
{"n":"印度","v":"印度"},
{"n":"意大利","v":"意大利"},
{"n":"西班牙","v":"西班牙"},
{"n":"加拿大","v":"加拿大"},
{"n":"其他","v":"其他"}
]
},
{
"key":"year",
"name":"年份",
"value":[
{"n":"全部","v":""},
{"n":"2022","v":"2022"},
{"n":"2021","v":"2021"},
{"n":"2020","v":"2020"},
{"n":"2019","v":"2019"},
{"n":"2018","v":"2018"},
{"n":"2017","v":"2017"},
{"n":"2016","v":"2016"},
{"n":"2015","v":"2015"},
{"n":"2014","v":"2014"},
{"n":"2013","v":"2013"},
{"n":"2012","v":"2012"},
{"n":"2011","v":"2011"},
{"n":"2010","v":"2010"},
{"n":"2009","v":"2009"},
{"n":"2008","v":"2008"},
{"n":"2007","v":"2007"},
{"n":"2006","v":"2006"},
{"n":"2005","v":"2005"},
{"n":"2004","v":"2004"},
{"n":"2003","v":"2003"},
{"n":"2002","v":"2002"},
{"n":"2001","v":"2001"},
{"n":"2000","v":"2000"}
]
},
{
"key":"by",
"name":"排序",
"value":[
{"n":"全部","v":""},
{"n":"最新","v":"time"},
{"n":"总榜","v":"hits"},
{"n":"月榜","v":"hits_month"},
{"n":"周榜","v":"hits_week"}
]
}
],
"3":[
{
"key":"class",
"name":"剧情",
"value":[
{"n":"全部","v":""},
{"n":"脱口秀","v":"脱口秀"},
{"n":"演唱会","v":"演唱会"},
{"n":"真人秀","v":"真人秀"},
{"n":"选秀","v":"选秀"},
{"n":"情感","v":"情感"},
{"n":"访谈","v":"访谈"},
{"n":"播报","v":"播报"},
{"n":"搞笑","v":"搞笑"},
{"n":"旅游","v":"旅游"},
{"n":"音乐","v":"音乐"},
{"n":"美食","v":"美食"},
{"n":"纪实","v":"纪实"},
{"n":"体育","v":"体育"},
{"n":"曲艺","v":"曲艺"},
{"n":"科教","v":"科教"},
{"n":"养成","v":"养成"},
{"n":"生活","v":"生活"},
{"n":"游戏","v":"游戏"},
{"n":"音乐","v":"音乐"},
{"n":"MTV","v":"MTV"},
{"n":"财经","v":"财经"},
{"n":"亲子","v":"亲子"},
{"n":"职场","v":"职场"},
{"n":"晚会","v":"晚会"}
]
},
{
"key":"area",
"name":"地区",
"value":[
{"n":"全部","v":""},
{"n":"大陆","v":"大陆"},
{"n":"香港","v":"香港"},
{"n":"台湾","v":"台湾"},
{"n":"美国","v":"美国"},
{"n":"英国","v":"英国"},
{"n":"日本","v":"日本"},
{"n":"韩国","v":"韩国"},
{"n":"泰国","v":"泰国"},
{"n":"新加坡","v":"新加坡"},
{"n":"马来西亚","v":"马来西亚"},
{"n":"欧美","v":"欧美"}
]
},
{
"key":"year",
"name":"年份",
"value":[
{"n":"全部","v":""},
{"n":"2022","v":"2022"},
{"n":"2021","v":"2021"},
{"n":"2020","v":"2020"},
{"n":"2019","v":"2019"},
{"n":"2018","v":"2018"},
{"n":"2017","v":"2017"},
{"n":"2016","v":"2016"},
{"n":"2015","v":"2015"},
{"n":"2014","v":"2014"},
{"n":"2013","v":"2013"},
{"n":"2012","v":"2012"},
{"n":"2011","v":"2011"},
{"n":"2010","v":"2010"},
{"n":"2009","v":"2009"},
{"n":"2008","v":"2008"},
{"n":"2007","v":"2007"},
{"n":"2006","v":"2006"},
{"n":"2005","v":"2005"},
{"n":"2004","v":"2004"},
{"n":"2003","v":"2003"},
{"n":"2002","v":"2002"},
{"n":"2001","v":"2001"},
{"n":"2000","v":"2000"}
]
},
{
"key":"by",
"name":"排序",
"value":[
{"n":"全部","v":""},
{"n":"最新","v":"time"},
{"n":"总榜","v":"hits"},
{"n":"月榜","v":"hits_month"},
{"n":"周榜","v":"hits_week"}
]
}
],
"4":[
{
"key":"class",
"name":"剧情",
"value":[
{"n":"全部","v":""},
{"n":"科幻","v":"科幻"},
{"n":"奇幻","v":"奇幻"},
{"n":"热血","v":"热血"},
{"n":"动画","v":"动画"},
{"n":"剧情","v":"剧情"},
{"n":"推理","v":"推理"},
{"n":"搞笑","v":"搞笑"},
{"n":"冒险","v":"冒险"},
{"n":"悬疑","v":"悬疑"},
{"n":"恋爱","v":"恋爱"},
{"n":"治愈","v":"治愈"},
{"n":"魔幻","v":"魔幻"},
{"n":"动作","v":"动作"},
{"n":"机战","v":"机战"},
{"n":"运动","v":"运动"},
{"n":"战争","v":"战争"},
{"n":"竞技","v":"竞技"},
{"n":"少女","v":"少女"},
{"n":"社会","v":"社会"},
{"n":"原创","v":"原创"},
{"n":"亲子","v":"亲子"},
{"n":"益智","v":"益智"},
{"n":"励志","v":"励志"},
{"n":"其它","v":"其他"}
]
},
{
"key":"area",
"name":"地区",
"value":[
{"n":"全部","v":""},
{"n":"大陆","v":"大陆"},
{"n":"香港","v":"香港"},
{"n":"台湾","v":"台湾"},
{"n":"美国","v":"美国"},
{"n":"英国","v":"英国"},
{"n":"日本","v":"日本"},
{"n":"韩国","v":"韩国"},
{"n":"欧美","v":"欧美"},
{"n":"其他","v":"其他"}
]
},
{
"key":"year",
"name":"年份",
"value":[
{"n":"全部","v":""},
{"n":"2022","v":"2022"},
{"n":"2021","v":"2021"},
{"n":"2020","v":"2020"},
{"n":"2019","v":"2019"},
{"n":"2018","v":"2018"},
{"n":"2017","v":"2017"},
{"n":"2016","v":"2016"},
{"n":"2015","v":"2015"},
{"n":"2014","v":"2014"},
{"n":"2013","v":"2013"},
{"n":"2012","v":"2012"},
{"n":"2011","v":"2011"},
{"n":"2010","v":"2010"},
{"n":"2009","v":"2009"},
{"n":"2008","v":"2008"},
{"n":"2007","v":"2007"},
{"n":"2006","v":"2006"},
{"n":"2005","v":"2005"},
{"n":"2004","v":"2004"},
{"n":"2003","v":"2003"},
{"n":"2002","v":"2002"},
{"n":"2001","v":"2001"},
{"n":"2000","v":"2000"}
]
},
{
"key":"by",
"name":"排序",
"value":[
{"n":"全部","v":""},
{"n":"最新","v":"time"},
{"n":"总榜","v":"hits"},
{"n":"月榜","v":"hits_month"},
{"n":"周榜","v":"hits_week"}
]
}
]
}
}