{
"站名":"实时直播",
"主页url":"http://ns-baidu.com/?s=111.html",
"直接播放":"1",
"数组":"<a&&</a>",
"图片":"data-original=\"&&\"",
"标题":"title=\"&&\"",
"链接":"href=\"&&\"",
"链接前缀":"http://ns-baidu.com",
"副标题":"<div class=\"duration\">&&</div>",
"分类":"实时直播1$111#实时直播2$222#实时直播3$333#实时直播4$444#实时直播5$555#实时直播6$666#实时直播7$777#实时直播8$888#实时直播9$999#实时直播10$1111#实时直播11$2222",
"分类url":"http://ns-baidu.com/?s={cateId}.html"
}

