{
"作者":"",
"站名":"掏爱撸",
"主页url":"https://www.tilav22.cc/",
"分类":"国产视频$1#日本视频$2#VR视频$3#韩国视频$4#欧美视频$5#动画视频$6#中文字幕$9#国产传媒$115#泰国视频$82",
"分类url":"https://www.tilav22.cc/index.php/vodshow/{cateId}--{by}------{catePg}---.html",
"数组":"class=\"stui-vodlist__item\"&&</li>",
"图片":"data-original=\"&&\"",
"标题":"title=\"&&\"",
"链接":"href=\"&&\"",
"副标题":"<span class=\"pic-text text-right\">&&</span>",
"线路数组":"<div class=\"stui-content__detail&&</div>",
"线路标题":"<h3 class=\"title\">&&</h3>",
"搜索url":"https://www.tilav22.cc/index.php/vodsearch/{wd}----------{pg}---.html",
"搜索后缀":"/voddetail/",
"搜索模式":"1",
"搜索数组":"class=\"stui-vodlist__item\"&&</li>",
"搜索图片":"data-original=\"&&\"",
"搜索标题":"title=\"&&\"",
"搜索链接":"href=\"&&\"",
"搜索副标题":"<span class=\"pic-text text-right\">&&</span>",
"播放数组":"class=\"playbtn\"&&</div>",
"影片类型":"类型：&&</p>",
"导演":"导演：&&</p>",
"主演":"主演：&&</p>",
"简介":"简介：&&</p>",
"播放列表":"<a&&/a>",
"播放标题":">&&<",
"播放链接":"href=\"&&\"",
"筛选":{
"1":[
{
"key":"cateId",
"name":"类型",
"value":[
{"v":"","n":"全部"},
{"v":"10","n":"国产精品"},
{"v":"11","n":"精品三级"},
{"v":"12","n":"主播大秀"},
{"v":"13","n":"抖阴视频"},
{"v":"14","n":"国模私拍"},
{"v":"15","n":"颜射瞬间"},
{"v":"16","n":"女神学生"},
{"v":"17","n":"美熟少妇"},
{"v":"18","n":"娇妻素人"},
{"v":"19","n":"空姐模特"},
{"v":"20","n":"国产乱伦"},
{"v":"26","n":"专题"},
{"v":"21","n":"自慰群交"},
{"v":"22","n":"野合车震"},
{"v":"23","n":"职场同事"},
{"v":"24","n":"国产名人"},
{"v":"25","n":"网曝门事件"},
{"v":"57","n":"偷拍自拍"},
{"v":"99","n":"深夜保健室"},
{"v":"119","n":"北京天使"}
]
},
{
"key":"by",
"name":"排序",
"value":[
{"n":"全部","v":""},
{"n":"时间","v":"time"},
{"n":"人气","v":"hits"},
{"n":"评分","v":"score"}
]
}
],
"2":[
{
"key":"cateId",
"name":"类型",
"value":[
{"v":"","n":"全部"},
{"v":"27","n":"骑兵有码"},
{"v":"28","n":"步兵无码"},
{"v":"50","n":"制服师生"},
{"v":"51","n":"强奸乱伦"},
{"v":"53","n":"人妻熟女"},
{"v":"55","n":"三级剧情"},
{"v":"56","n":"丝袜美腿"},
{"v":"58","n":"亚洲情色"}
]
},
{
"key":"by",
"name":"排序",
"value":[
{"n":"全部","v":""},
{"n":"时间","v":"time"},
{"n":"人气","v":"hits"},
{"n":"评分","v":"score"}
]
}
],
"3":[
{
"key":"cateId",
"name":"类型",
"value":[
{"v":"","n":"全部"},
{"v":"7","n":"VR有码"},
{"v":"8","n":"VR无码"}
]
},
{
"key":"by",
"name":"排序",
"value":[
{"n":"全部","v":""},
{"n":"时间","v":"time"},
{"n":"人气","v":"hits"},
{"n":"评分","v":"score"}
]
}
],
"4":[
{
"key":"cateId",
"name":"类型",
"value":[
{"v":"","n":"全部"},
{"v":"42","n":"韩国精品"},
{"v":"43","n":"韩国制服主播"},
{"v":"44","n":"韩国萝莉主播"},
{"v":"45","n":"韩国大秀主播"},
{"v":"46","n":"韩国自慰主播"},
{"v":"47","n":"韩国唯美三级"},
{"v":"48","n":"韩国明星学生"}
]
},
{
"key":"by",
"name":"排序",
"value":[
{"n":"全部","v":""},
{"n":"时间","v":"time"},
{"n":"人气","v":"hits"},
{"n":"评分","v":"score"}
]
}
],
"5":[
{
"key":"cateId",
"name":"类型",
"value":[
{"v":"","n":"全部"},
{"v":"29","n":"欧美性爱"},
{"v":"93","n":"性爱音乐视频-PMV"},
{"v":"30","n":"人兽"},
{"v":"31","n":"人妖"},
{"v":"95","n":"MomsTeachSex"},
{"v":"32","n":"男同"},
{"v":"33","n":"女同"},
{"v":"83","n":"Fake Taxi"},
{"v":"87","n":"Barzzers"},
{"v":"117","n":"Wow Girls"},
{"v":"116","n":"FamilyStrokes"}
]
},
{
"key":"by",
"name":"排序",
"value":[
{"n":"全部","v":""},
{"n":"时间","v":"time"},
{"n":"人气","v":"hits"},
{"n":"评分","v":"score"}
]
}
],
"6":[
{
"key":"cateId",
"name":"类型",
"value":[
{"v":"","n":"全部"},
{"v":"49","n":"卡通动漫"}
]
},
{
"key":"by",
"name":"排序",
"value":[
{"n":"全部","v":""},
{"n":"时间","v":"time"},
{"n":"人气","v":"hits"},
{"n":"评分","v":"score"}
]
}
],
"9":[
{
"key":"cateId",
"name":"类型",
"value":[
{"v":"","n":"全部"},
{"v":"34","n":"无码中文"},
{"v":"35","n":"强奸中文"},
{"v":"36","n":"巨乳中文"},
{"v":"37","n":"乱伦中文"},
{"v":"38","n":"制服中文"},
{"v":"39","n":"人妻中文"},
{"v":"40","n":"调教中文"},
{"v":"41","n":"出轨中文"},
{"v":"59","n":"中文字幕"}
]
},
{
"key":"by",
"name":"排序",
"value":[
{"n":"全部","v":""},
{"n":"时间","v":"time"},
{"n":"人气","v":"hits"},
{"n":"评分","v":"score"}
]
}
],
"115":[
{
"key":"cateId",
"name":"类型",
"value":[
{"v":"","n":"全部"},
{"v":"121","n":"麻豆视频"},
{"v":"122","n":"91制片厂"},
{"v":"123","n":"天美传媒"},
{"v":"124","n":"蜜桃传媒"},
{"v":"125","n":"皇家华人"},
{"v":"126","n":"星空传媒"},
{"v":"127","n":"精东影业"},
{"v":"128","n":"乐播传媒"},
{"v":"129","n":"91茄子"},
{"v":"130","n":"性视界传媒"},
{"v":"131","n":"兔子先生"},
{"v":"132","n":"杏吧原创"},
{"v":"133","n":"玩偶姐姐"},
{"v":"134","n":"起点传媒"},
{"v":"135","n":"SA国际传媒"},
{"v":"136","n":"萝莉社"},
{"v":"137","n":"PsychoPorn"},
{"v":"138","n":"糖心Vlog"},
{"v":"139","n":"葫芦影业"},
{"v":"140","n":"果冻传媒"},
{"v":"68","n":"SWAG"}
]
},
{
"key":"by",
"name":"排序",
"value":[
{"n":"全部","v":""},
{"n":"时间","v":"time"},
{"n":"人气","v":"hits"},
{"n":"评分","v":"score"}
]
}
],
"82":[
{
"key":"cateId",
"name":"类型",
"value":[
{"v":"","n":"全部"},
{"v":"84","n":"GoGoBar"},
{"v":"85","n":"TukTukPatro"},
{"v":"86","n":"泰国主播"},
{"v":"88","n":"人妖偽娘"},
{"v":"118","n":"TiTTiPorn"},
{"v":"120","n":"ThaiSkter10"}
]
},
{
"key":"by",
"name":"排序",
"value":[
{"n":"全部","v":""},
{"n":"时间","v":"time"},
{"n":"人气","v":"hits"},
{"n":"评分","v":"score"}
]
}
]
}
}