{
  "站名": "爱看影院",
  "主页url": "https://www.readav.com/",
  "数组":"class=\"stui-vodlist__item&&</li>",
  "图片":"data-original=\"&&\"",
  "标题": "title=\"&&\"",
  "链接": "href=\"&&\"",
  "线路数组":"class=\"playbtn&&</div>",
  "线路标题":">&&</a>",
  "播放数组": "class=\"stui-content__playlist&&</ul>",
  "状态": "类型：</span>&&&</a>",
  "导演": "导演：</span>&&</p>",
  "主演": "主演：</span>&&</p>",
  "简介": "class=\"stui-content__detail fl-l\"&&</a></p>",
  "播放列表": "<a&&/a>",
  "播放标题": ">&&<",
  "播放链接": "href=\"&&\"",
  "搜索模式":"0",
  "搜索url":"https://www.readav.com/index.php/vod/search.html?wd={wd}",
  "搜索链接前缀":"https://www.readav.com",
  "搜索链接后缀":"",
  "分类":"国产视频$1#日本视频$2#VR视频$3#韩国视频$4#欧美视频$5#动画视频$6#中文字幕$9",
  "分类url":"https://www.readav.com/index.php/vod/show/by/{by}/id/{cateId}/page/{catePg}.html",
  "免嗅":"0",
  "嗅探词":".m3u8#.mp4#.flv#.avi#.mkv#.mov#.3gp#.asf#.rm#.rmvb#.wmv#.mpg#.mpeg#.mpe#.ts#.vob#.mp3#.wma#.m4a",
  "筛选":{
    "1":[
      {
        "key":"cateId",
        "name":"国产视频",
        "value":[
          {"n":"全部","v":"1"},
          {"n":"国产精品","v":"10"},
          {"n":"精品三级","v":"11"},
          {"n":"主播大秀","v":"12"},
          {"n":"抖阴视频","v":"13"},
          {"n":"国模私拍","v":"14"},
          {"n":"颜射瞬间","v":"15"},
          {"n":"女神学生","v":"16"},
          {"n":"美熟少妇","v":"17"},
          {"n":"娇妻素人","v":"18"},
          {"n":"空姐模特","v":"19"},
          {"n":"国产乱伦","v":"20"},
          {"n":"自慰群交","v":"21"},
          {"n":"野合车震","v":"22"},
          {"n":"职场同事","v":"23"},
          {"n":"国产名人","v":"24"},
          {"n":"网曝门事件","v":"25"},
          {"n":"小鸟酱专题","v":"26"},
          {"n":"偷拍自拍","v":"57"}
        ]
      },
      {
        "key":"by",
        "name":"排序",
        "value":[
          {"n":"全部","v":""},
          {"n":"时间","v":"time"},
          {"n":"人气","v":"hits"},
          {"n":"评分","v":"score"}
        ]
      }
    ],
    "2":[
      {
        "key":"cateId",
        "name":"日本视频",
        "value":[
          {"n":"全部","v":"2"},
          {"n":"骑兵有码","v":"27"},
          {"n":"步兵无码","v":"28"},
          {"n":"制服师生","v":"50"},
          {"n":"强奸乱伦","v":"51"},
          {"n":"人妻熟女","v":"53"},
          {"n":"SM捆绑","v":"54"},
          {"n":"三级剧情","v":"55"},
          {"n":"丝袜美腿","v":"56"},
          {"n":"亚洲情色","v":"58"}
        ]
      },
      {
        "key":"by",
        "name":"排序",
        "value":[
          {"n":"全部","v":""},
          {"n":"时间","v":"time"},
          {"n":"人气","v":"hits"},
          {"n":"评分","v":"score"}
        ]
      }
    ],
    "3":[
      {
        "key":"cateId",
        "name":"VR视频",
        "value":[
          {"n":"全部","v":"3"},
          {"n":"VR有码","v":"7"},
          {"n":"VR无码","v":"8"}
        ]
      },
      {
        "key":"by",
        "name":"排序",
        "value":[
          {"n":"全部","v":""},
          {"n":"时间","v":"time"},
          {"n":"人气","v":"hits"},
          {"n":"评分","v":"score"}
        ]
      }
    ],
    "4":[
      {
        "key":"cateId",
        "name":"韩国视频",
        "value":[
          {"n":"全部","v":"4"},
          {"n":"韩国精品","v":"42"},
          {"n":"韩国制服主播","v":"43"},
          {"n":"韩国萝莉主播","v":"44"},
          {"n":"韩国大秀主播","v":"45"},
          {"n":"韩国自慰主播","v":"46"},
          {"n":"韩国唯美三级","v":"47"},
          {"n":"韩国明星学生","v":"48"}
        ]
      },
      {
        "key":"by",
        "name":"排序",
        "value":[
          {"n":"全部","v":""},
          {"n":"时间","v":"time"},
          {"n":"人气","v":"hits"},
          {"n":"评分","v":"score"}
        ]
      }
    ],
    "5":[
      {
        "key":"cateId",
        "name":"欧美视频",
        "value":[
          {"n":"全部","v":"5"},
          {"n":"欧美性爱","v":"29"},
          {"n":"欧美人兽","v":"30"},
          {"n":"欧美人妖","v":"31"},
          {"n":"欧美男同","v":"32"},
          {"n":"欧美女同","v":"33"}
        ]
      },
      {
        "key":"by",
        "name":"排序",
        "value":[
          {"n":"全部","v":""},
          {"n":"时间","v":"time"},
          {"n":"人气","v":"hits"},
          {"n":"评分","v":"score"}
        ]
      }
    ],
    "6":[
      {
        "key":"cateId",
        "name":"动画视频",
        "value":[
          {"n":"全部","v":"6"},
          {"n":"卡通动漫","v":"49"}
        ]
      },
    
      {
        "key":"by",
        "name":"排序",
        "value":[
          {"n":"全部","v":""},
          {"n":"时间","v":"time"},
          {"n":"人气","v":"hits"},
          {"n":"评分","v":"score"}
        ]
      }
    ],
    "9":[
      {
        "key":"cateId",
        "name":"中文字幕",
        "value":[
          {"n":"全部","v":"9"},
          {"n":"无码中文","v":"34"},
          {"n":"强奸中文","v":"35"},
          {"n":"巨乳中文","v":"36"},
          {"n":"乱伦中文","v":"37"},
          {"n":"制服中文","v":"38"},
          {"n":"人妻中文","v":"39"},
          {"n":"调教中文","v":"40"},
          {"n":"出轨中文","v":"41"},
          {"n":"中文字幕","v":"59"}
        ]
      },
      {
        "key":"by",
        "name":"排序",
        "value":[
          {"n":"全部","v":""},
          {"n":"时间","v":"time"},
          {"n":"人气","v":"hits"},
          {"n":"评分","v":"score"}
        ]
      }
    ]
  }
}
