{
"站名":"精东影业",
"数组":"<a class=\"thum&&</a></h5>",
"图片":"src=\"&&\"",
"标题":"title=\"&&\"",
"链接":"href=\"&&\"",
"搜索url": "https://qq.jdav1.shop/{wd}----------{pg}---.html",
"搜索模式":"1",
"搜索数组":"<li>&&</li>",
"搜索图片":"src=\"&&\"",
"搜索标题":"title=\"&&\"",
"搜索链接":"href=\"&&\"",
"搜索后缀":"/smdetail/",
"线路数组":"<ul class=\"detail-tab&&</ul>",
"线路标题":">&&</a>",
"状态":"类型： </label>&&</li>",
"导演":"年代: </label>&&</li>",
"主演":"演员：</label>&&</li>",
"简介":"年代: </label>&&</li>",
"播放数组":"<ul class=\"detail-play-list clearfix&&</ul>",
"播放列表":"<li><a&&/a>",
"播放标题":">&&<",
"播放链接":"href=\"&&\"",
"免嗅":"1",
"嗅探词":".m3u8#.mp4#.flv#.m4a#.avi#.mkv#.mov#.3gp#.asf#.rm#.rmvb#.wmv#.mpg#.mpeg#.mpe#.ts#.vob#.mp3#.wma",
"过滤词":"=http#.jpg#.png#.ico#.gif#.js",
"分类":"林思妤$林思妤#三上悠亚$三上悠亚#波多野结衣$波多野结衣#玩偶姐姐$玩偶姐姐#吴梦梦$吴梦梦#张芸熙$张芸熙#沈娜娜$沈娜娜#秦可欣$秦可欣#夏晴子$夏晴子#雪千夏$雪千夏#艾 秋$艾 秋#换妻$换妻#户外$户外#秘书$秘书#邻居$邻居#乱伦$乱伦#91$91#直播$直播#探花$探花",
"分类url":"https://qq.jdav1.shop/smtype/{cateId}-{catePg.html[https://qq.jdav1.shop/smsearch/{cateId}----------{catePg}---.html"

}