{
    //规则名
    "title": "艾菲影视",
    //作者
    "author": "small mi",
    //请求头UA,不填则默认okhttp/3.12.11，可填MOBILE_UA或PC_UA使用内置的手机版或电脑版UA
    //多个请求头参数写法示例，"User-Agent$PC_UA#Referer$http://ww.baidu.com#Cookie$ser=ok",
    //习惯查看手机源码写建议用手机版UA，习惯查看PC版源码写建议用电脑版UA
    "UserAgent":"MOBILE_UA",
    //图片是否需要走代理，一般是图片无Referer参数不显示那种需要，全局设置，0否，1是。
    "PicNeedProxy":"0",
    //是否开启获取首页数据，0关闭，1开启
    "homeContent":"1",
    //分类链接起始页码,禁止负数和含小数点。
    "firstpage": "1",
    //分类链接,{cateId}是分类，{catePg}是页码,第一页没有页码的可以这样写 第二页链接[firstPage=第一页的链接]
    "class_url": "https://www.ifimv.com/vodshow/{cateId}--------{catePg}---.html",
    //分类名，分类1&分类2&分类3
    "class_name": "电影&动漫&国产剧&美剧&日韩剧",
    //分类名替换词，替换词1&替换词2&替换词3，替换词包含英文&的用两个中文＆＆代替，示例：＆＆id=0&＆＆id=1
    "class_value": "1&3&13&14&15",
    //筛选数据，支持直写，clan://本地路径(可能有bug)，http云端链接，标准json格式，参考xpath的筛选写法
    "filterdata":{},
    
    //分类页面截取数据模式，0为json，1为普通网页。
    "cat_mode": "1",
    //分类json列表数组定位，最多支持3层，能力有限，不是所有页面都能支持
    //"catjsonlist": "data.list",
    //分类json片单图片
   // "catjsonpic": "roomSrc",
    //分类json片单标题
    //"catjsonname": "roomName",
    //分类json片单链接
    //"catjsonid": "rid",
    //分类json片单副标题
    //"catjsonstitle":"nickname",
    
    //分类是否二次截取
    "cat_YN_twice": "0",
    //分类二次截取前
    "cat_twice_pre": "空",
    //分类二次截取后
    "cat_twice_suf": "空",
    
    //分类数组截取前
    "cat_arr_pre": "class=\"module-item-pic",
    //分类数组截取后
    "cat_arr_suf": "</div>",
    //分类截取片单图片，截取前缀&&截取后缀
    "cat_pic": "data-src=\"&&\"",
    //分类截取片单标题，截取前缀&&截取后缀
    "cat_title": "alt=\"&&\"",
    //分类截取片单副标题，截取前缀&&截取后缀
    "cat_subtitle": "",
    //分类截取片单链接，截取前缀&&截取后缀
    "cat_url": "href=\"&&\"",
    
    //分类片单链接补前缀  
    "cat_prefix": "https://www.ifimv.com",
    //分类片单链接补后缀
    "cat_suffix": "",
    
    //搜索专属请求头UA,不填则默认okhttp/3.12.11，可填MOBILE_UA或PC_UA使用内置的手机版或电脑版UA
    //多个请求头参数写法示例，"User-Agent$PC_UA#Referer$http://ww.baidu.com#Cookie$ser=ok",
    //习惯查看手机源码写建议用手机版UA，习惯查看PC版源码写建议用电脑版UA
    "SUserAgent":"MOBILE_UA",
    //搜索链接，搜索关键字用{wd}表示，post请求的最后面加;post
    //POST链接示例 http://www.lezhutv.com/index.php?m=vod-search;post
    "search_url": "https://www.ifimv.com/vsearch/--.html?wd={wd}",
    //POST搜索body，填写搜索关键字的键值，一般常见的是searchword和wd，不是POST搜索的可留空或删除。
    //"sea_PtBody":"wd={wd}&search=",
    
    //搜索模式,0为json搜索，只支持列表在list数组里的，其它为网页截取。
    "search_mode": "1",
    //搜索json列表数组定位，不填默认内置list，最多支持3层，能力有限，不是所有页面都能支持。
    "jsonlist": "list",
    //搜索json片单图片
    "jsonpic": "pic",
    //搜索json片单标题
    "jsonname": "name",
    //搜索json片单链接
    "jsonid": "id",
    //json片单副标题，这个很少有，预留着
    "jsonstitle":"",
    
    //搜索是否二次截取  
    "sea_YN_twice": "0",
    //搜索二次截取前
    "sea_twice_pre": "空",
    //搜索二次截取后
    "sea_twice_suf": "空",
    
    //搜索数组前缀
    "sea_arr_pre": "class=\"module-search-item",
    //搜索数组后缀
    "sea_arr_suf": "</div>",
    //搜索片单图片，截取前缀&&截取后缀
    "sea_pic": "data-src=\"&&\"",
    //搜索片单标题，截取前缀&&截取后缀
    "sea_title": "alt=\"&&\"",
    //搜索片单链接，截取前缀&&截取后缀
    "sea_url": "<a href=\"&&\"",
    //搜索副标题，截取前缀&&截取后缀
    "sea_subtitle": "",
    
    //搜索片单链接补前缀
    "search_prefix": "https://www.ifimv.com",
    //搜索片单链接补后缀，这个一般json搜索的需要
    "search_suffix": "",
    
    //片单链接是否直接播放，0否，1分类片单链接直接播放，2详情选集链接直接播放。
    //设置成直接播放后，后面3个参数请注意该留空的请务必留空。
    "force_play": "0",
    //直接播放链接补前缀
    "play_prefix": "https://live.52sf.ga/huya/",
    //直接播放链接补后缀，设置为#isVideo=true#可强制识别为视频链接
    "play_suffix": "#isVideo=true#",
    //直接播放链接设置请求头，只对直链视频有效，每一组用#分开
    "play_header": "authority$ku.peizq.online#Referer$https://play.peizq.online",
    
    //演员和简介不支持使用jsoup写法，只支持关键字截取法
    //演员数据，截取前缀&&截取后缀
    "proj_actor": "主演：</span>&&</p>",
    //简介内容，截取前缀&&截取后缀
    "proj_plot": "class=\"video-info-item video-info-content vod_content\">&&</span>",
    
    //线路截取区域，如果不需要请把tab_title或tab_arr_pre置空或者全部不要填。
    //线路是否二次截取
    "tab_YN_twice": "0",
    //线路二次截取前
    "tab_twice_pre": "",
    //线路二次截取后
    "tab_twice_suf": "",
    
    //线路截取数组前
    "tab_arr_pre": "空",
    //线路截取数组后
    "tab_arr_suf": "空",
    //线路标题，截取前缀&&截取后缀
    "tab_title": "空",
    
    //列表是否二次截取
    "list_YN_twice": "0",
    //列表二次截取前
    "list_twice_pre": "空",
    //列表二次截取后
    "list_twice_suf": "空",
    //列表数组截取前，必须
    "list_arr_pre": "class=\"scroll-content",
    //列表数组截取后，必须
    "list_arr_suf": "</div>",
    
    //集数是否二次截取
    "epi_YN_twice": "0",
    //集数二次截取前
    "epi_twice_pre": "空",
    //集数二次截取后
    "epi_twice_suf": "空",
    //集数数组截取前，必须
    "epi_arr_pre": "<a",
    //集数数组截取后，必须
    "epi_arr_suf": "/a>",
    //集数标题，截取前缀&&截取后缀
    "epi_title": "span>&&</span>",
    //集数链接，截取前缀&&截取后缀
    "epi_url": "href=\"&&\"",
    //选集是否反转显示
    "epi_reverse": "0",
    //集数链接补前缀
    "epiurl_prefix": "https://www.ifimv.com",
    //集数链接补后缀
    "epiurl_suffix": "",
    
    //下面几个参数请勿乱用。否则可能会有副作用。
    //分析网页源码中有<script type="text/javascript">var player_aaaa={"flag":"play","encrypt这种源码的链接解析
    //如果网页源码里没有这种请设置为0
    "Anal_MacPlayer":"1",
    //是否开启手动嗅探，只对网页嗅探有效，0否，1是
    "ManualSniffer":"0",
    //手动嗅探视频链接关键字，每个用#隔开
    "VideoFormat":".mp4#.m3u8#.flv",
    //手动嗅探视频链接过滤关键词,每个用#隔开
    "VideoFilter":".html#=http"
}