{
  "作者": "菜妮丝https://cainisi.cf",
  "站名": "饭团影视",
  "主页url": "https://www.fantuanhd.com",
  "请求头": "Mozilla/5.0 (Windows NT 10.0; Win64; x64) AppleWebKit/537.36 (KHTML, like Gecko) Chrome/108.0.0.0 Safari/537.36 Edg/108.0.1462.76",
  
  "分类": "电影&电视剧&综艺&动漫&纪录片",
  "分类值": "20&21&22&23&24",
  
  "分类url": "https://www.fantuanhd.com/show/id-{cateId}{area}{by}{class}/page/{catePg}{year}.html",
  
  "数组": "stui-vodlist__box\">&&</a>",
  "图片": "data-original=\"&&\"",
  "标题": "title=\"&&\"",
  "副标题": "text-right\">&&</span>",
  "链接": "href=\"&&\"",
  
  "搜索模式": "1",
  "搜索url": "/search.html?wd={wd}",
  "搜索后缀": "/detail/id-",
  "搜索数组": "stui-vodlist__box\">&&</a>",
  "搜索图片": "data-original=\"&&\"",
  "搜索标题": "title=\"&&\"",
  "搜索链接": "href=\"&&\"",
  "搜索副标题": "text-right\">&&</span>",
  
  "影片年代": "年份：&&</p>",
  "影片地区": "地区：&&/",
  "影片类型": "类型：&&/",
  "导演": "导演：&&</p>",
  "主演": "主演：&&</p>",
  "简介": "display: none;\">&&</span>",
  
  "线路数组": "<span class=\"pull-right\">&&/h3>",
  "线路标题": "<h3>&&<",
  
  "播放数组": "<ul class=\"stui-content&&</ul>",
  
  "筛选":{
"20":[
  {"key":"class","name":"剧情","value":[
  {"n":"全部","v":""},
  {"n":"喜剧","v":"/class/喜剧"},
  {"n":"爱情","v":"/class/爱情"},
  {"n":"恐怖","v":"/class/恐怖"},
  {"n":"动作","v":"/class/动作"},
  {"n":"科幻","v":"/class/科幻"},
  {"n":"剧情","v":"/class/剧情"},
  {"n":"战争","v":"/class/战争"},
  {"n":"犯罪","v":"/class/犯罪"},
  {"n":"灾难","v":"/class/灾难"},
  {"n":"奇幻","v":"/class/奇幻"},
  {"n":"悬疑","v":"/class/悬疑"},
  {"n":"惊悚","v":"/class/惊悚"},
  {"n":"冒险","v":"/class/冒险"}]},
  
  {"key":"area","name":"地区","value":[
  {"n":"全部","v":""},
  {"n":"大陆","v":"/area/大陆"},
  {"n":"香港","v":"/area/香港"},
  {"n":"台湾","v":"/area/台湾"},
  {"n":"美国","v":"/area/美国"},
  {"n":"法国","v":"/area/法国"},
  {"n":"英国","v":"/area/英国"},
  {"n":"日本","v":"/area/日本"},
  {"n":"韩国","v":"/area/韩国"},
  {"n":"德国","v":"/area/德国"},
  {"n":"泰国","v":"/area/泰国"},
  {"n":"印度","v":"/area/印度"},
  {"n":"其他","v":"/area/其他"}]},
  
  {"key":"year","name":"年份","value":[
  {"n":"全部","v":""},
  {"n":"2022","v":"/year/2022"},
  {"n":"2021","v":"/year/2021"},
  {"n":"2020","v":"/year/2020"},
  {"n":"2019","v":"/year/2019"},
  {"n":"2018","v":"/year/2018"},
  {"n":"2017","v":"/year/2017"},
  {"n":"2016","v":"/year/2016"},
  {"n":"2008","v":"/year/2008"},
  {"n":"2000","v":"/year/2000"},
  {"n":"1997","v":"/year/1997"},
  {"n":"1980","v":"/year/1980"}]},
  
  {"key":"by","name":"排序","value":[
  {"n":"时间","v":"/by/time"},
  {"n":"人气","v":"/by/hits"},
  {"n":"评分","v":"/by/score"}]}],
  
"21":[
  {"key":"class","name":"剧情","value":[
  {"n":"全部","v":""},
  {"n":"古装","v":"/class/古装"},
  {"n":"战争","v":"/class/战争"},
  {"n":"偶像","v":"/class/偶像"},
  {"n":"犯罪","v":"/class/犯罪"},
  {"n":"奇幻","v":"/class/奇幻"},
  {"n":"剧情","v":"/class/剧情"},
  {"n":"历史","v":"/class/历史"},
  {"n":"网剧","v":"/class/网剧"}]},
  
  {"key":"area","name":"地区","value":[
  {"n":"全部","v":""},
  {"n":"大陆","v":"/area/大陆"},
  {"n":"香港","v":"/area/香港"},
  {"n":"台湾","v":"/area/台湾"},
  {"n":"美国","v":"/area/美国"},
  {"n":"法国","v":"/area/法国"},
  {"n":"英国","v":"/area/英国"},
  {"n":"日本","v":"/area/日本"},
  {"n":"韩国","v":"/area/韩国"},
  {"n":"德国","v":"/area/德国"},
  {"n":"泰国","v":"/area/泰国"},
  {"n":"印度","v":"/area/印度"},
  {"n":"其他","v":"/area/其他"}]},
  
  {"key":"year","name":"年份","value":[
  {"n":"全部","v":""},
  {"n":"2022","v":"/year/2022"},
  {"n":"2021","v":"/year/2021"},
  {"n":"2020","v":"/year/2020"},
  {"n":"2019","v":"/year/2019"},
  {"n":"2018","v":"/year/2018"},
  {"n":"2017","v":"/year/2017"},
  {"n":"2016","v":"/year/2016"},
  {"n":"2008","v":"/year/2008"},
  {"n":"2000","v":"/year/2000"},
  {"n":"1997","v":"/year/1997"},
  {"n":"1980","v":"/year/1980"}]},
  
  {"key":"by","name":"排序","value":[
  {"n":"时间","v":"/by/time"},
  {"n":"人气","v":"/by/hits"},
  {"n":"评分","v":"/by/score"}]}],
  
"22":[
  {"key":"class","name":"剧情","value":[
  {"n":"全部","v":""},
  {"n":"相声","v":"/class/相声"},
  {"n":"真人秀","v":"/class/真人秀"},
  {"n":"脱口秀","v":"/class/脱口秀"},
  {"n":"选秀","v":"/class/选秀"},
  {"n":"情感","v":"/class/情感"},
  {"n":"访谈","v":"/class/访谈"},
  {"n":"播报","v":"/class/播报"},
  {"n":"旅游","v":"/class/旅游"},
  {"n":"音乐","v":"/class/音乐"},
  {"n":"美食","v":"/class/美食"},
  {"n":"纪实","v":"/class/纪实"},
  {"n":"舞蹈","v":"/class/舞蹈"}]},
  
  {"key":"area","name":"地区","value":[
  {"n":"全部","v":""},
  {"n":"大陆","v":"/area/大陆"},
  {"n":"香港","v":"/area/香港"},
  {"n":"台湾","v":"/area/台湾"},
  {"n":"日本","v":"/area/日本"},
  {"n":"欧美","v":"/area/欧美"},
  {"n":"韩国","v":"/area/韩国"}]},
  
  {"key":"year","name":"年份","value":[
  {"n":"全部","v":""},
  {"n":"2022","v":"/year/2022"},
  {"n":"2021","v":"/year/2021"},
  {"n":"2020","v":"/year/2020"},
  {"n":"2019","v":"/year/2019"},
  {"n":"2018","v":"/year/2018"},
  {"n":"2017","v":"/year/2017"},
  {"n":"2016","v":"/year/2016"},
  {"n":"2008","v":"/year/2008"},
  {"n":"2000","v":"/year/2000"},
  {"n":"1997","v":"/year/1997"},
  {"n":"1980","v":"/year/1980"}]},
  
  {"key":"by","name":"排序","value":[
  {"n":"时间","v":"/by/time"},
  {"n":"人气","v":"/by/hits"},
  {"n":"评分","v":"/by/score"}]}],
  
"23":[
  {"key":"class","name":"剧情","value":[
  {"n":"全部","v":""},
  {"n":"科幻","v":"/class/科幻"},
  {"n":"热血","v":"/class/热血"},
  {"n":"推理","v":"/class/推理"},
  {"n":"搞笑","v":"/class/搞笑"},
  {"n":"冒险","v":"/class/冒险"},
  {"n":"萝莉","v":"/class/萝莉"},
  {"n":"校园","v":"/class/校园"},
  {"n":"动作","v":"/class/动作"},
  {"n":"机战","v":"/class/机战"},
  {"n":"运动","v":"/class/运动"},
  {"n":"战争","v":"/class/战争"},
  {"n":"少年","v":"/class/少年"},
  {"n":"少女","v":"/class/少女"}]},
  
  {"key":"area","name":"地区","value":[
  {"n":"全部","v":""},
  {"n":"大陆","v":"/area/大陆"},
  {"n":"香港","v":"/area/香港"},
  {"n":"台湾","v":"/area/台湾"},
  {"n":"日本","v":"/area/日本"},
  {"n":"欧美","v":"/area/欧美"}]},
  
  {"key":"year","name":"年份","value":[
  {"n":"全部","v":""},
  {"n":"2022","v":"/year/2022"},
  {"n":"2021","v":"/year/2021"},
  {"n":"2020","v":"/year/2020"},
  {"n":"2019","v":"/year/2019"},
  {"n":"2018","v":"/year/2018"},
  {"n":"2017","v":"/year/2017"},
  {"n":"2016","v":"/year/2016"},
  {"n":"2008","v":"/year/2008"},
  {"n":"2000","v":"/year/2000"},
  {"n":"1997","v":"/year/1997"},
  {"n":"1980","v":"/year/1980"}]},
  
  {"key":"by","name":"排序","value":[
  {"n":"时间","v":"/by/time"},
  {"n":"人气","v":"/by/hits"},
  {"n":"评分","v":"/by/score"}]}],
  
"24":[
  {"key":"class","name":"剧情","value":[
  {"n":"全部","v":""},
  {"n":"历史","v":"/class/历史"},
  {"n":"传记","v":"/class/传记"},
  {"n":"生活","v":"/class/生活"},
  {"n":"人文","v":"/class/人文"},
  {"n":"地理","v":"/class/地理"},
  {"n":"舞台","v":"/class/舞台"},
  {"n":"专题","v":"/class/专题"},
  {"n":"时事","v":"/class/时事"},
  {"n":"宣传","v":"/class/宣传"}]},
  
  {"key":"area","name":"地区","value":[
  {"n":"全部","v":""},
  {"n":"大陆","v":"/area/大陆"},
  {"n":"香港","v":"/area/香港"},
  {"n":"台湾","v":"/area/台湾"},
  {"n":"美国","v":"/area/美国"},
  {"n":"法国","v":"/area/法国"},
  {"n":"英国","v":"/area/英国"},
  {"n":"日本","v":"/area/日本"},
  {"n":"韩国","v":"/area/韩国"},
  {"n":"德国","v":"/area/德国"},
  {"n":"泰国","v":"/area/泰国"},
  {"n":"印度","v":"/area/印度"},
  {"n":"其他","v":"/area/其他"}]},
  
  {"key":"year","name":"年份","value":[
  {"n":"全部","v":""},
  {"n":"2022","v":"/year/2022"},
  {"n":"2021","v":"/year/2021"},
  {"n":"2020","v":"/year/2020"},
  {"n":"2019","v":"/year/2019"},
  {"n":"2018","v":"/year/2018"},
  {"n":"2017","v":"/year/2017"},
  {"n":"2016","v":"/year/2016"},
  {"n":"2008","v":"/year/2008"},
  {"n":"2000","v":"/year/2000"},
  {"n":"1997","v":"/year/1997"},
  {"n":"1980","v":"/year/1980"}]},
  
  {"key":"by","name":"排序","value":[
  {"n":"时间","v":"/by/time"},
  {"n":"人气","v":"/by/hits"},
  {"n":"评分","v":"/by/score"}]}]}
}