{
"站名":"香蕉视频",
"主页url":"https://xx8888.cc/",
"数组":"class=\"module-item\">&&</div>",
"图片":"data-src=\"&&\"",
"标题":"title=\"&&\"",
"链接":"href=\"&&\"",
"线路数组":"<div class=\"module-tab-item tab-item&&</div>",
"线路标题":"<span>&&</span>",
"播放数组":"<div class=\"sort-item\"&&</div>",
"搜索url":"/search/page/{pg}/wd/{wd}.html",
"搜索模式":"0",
"搜索数组":"<div class=\"module-search-item\">&&</div>",
"搜索图片":"src=\"&&\"",
"搜索标题":"alt=\"&&\"",
"搜索链接":"href=\"&&\"",
"搜索后缀":"/index.php/vod/play/id/",
"搜索链接前缀":"https://xx8888.cc/",
"搜索链接后缀":"/sid/1/nid/1.html",
"影片类型":"<div class=\"tag-link\">&&<div",
"导演":"导演：</span>&&</div>",
"主演":"主演：</span>&&</div>",
"简介":"剧情：</span>&&</span>",
"播放列表":"<a&&<div",
"播放标题":"<span>&&</span>",
"播放链接":"href=\"&&\"",
"免嗅":"1",
"分类":"人妻熟女$1#偷拍自拍$2#港韩情色$3#丝袜制服$4#清纯少女$5#辣妹大奶$34#女同专属$35#素人出演$36#角色扮演$37#成人动漫$38#变态另类$39",
"分类url":"https://xx8888.cc/index.php/vod/type/id/{cateId}/page/{catePg}.html"
}