{
"站名":"香蕉废柴",
"主页url":"https://avss.vip/fcw/",
"请求头":"",
"直接播放":"1",
"图片代理":"0",
"分类":"VIP专区$ff-VIPzhuanqu#偷拍自拍$ff-toupaixilie#国产自拍$ff-guochanzipai#日本有码$ff-ribenyouma#日本无码$ff-ribenwuma#成人动漫$ff-chengrendongman#韩国综合$ff-hanguozonghe#VR专区$ff-VRzhuanqu#欧美$ff-oumei",
"数组":"<div class=\"item\"&&</div>",
"图片":"data-original=\"&&\"",
"标题":"title=\"&&\"",
"链接":"href=\"/fcw/f&&.html\"",
"链接前缀":"https://avss.vip/fcw/fplay",
"链接后缀":"-1-1.html",
"线路数组":"button-rounded&&/a>",
"线路标题":">&&<",
"搜索数组":"<div class=\"item\"&&</div>",
"搜索图片":"data-original=\"&&\"",
"搜索标题":"title=\"&&\"",
"搜索链接": "href=\"/fcw/f&&.html\"",
"搜索模式":"1",
"搜索url":"https://avss.vip/fcw/vod/search/wd/{wd}.html",
"搜索链接前缀":"https://avss.vip/fcw/fplay",
"搜索链接后缀":"-1-1.html",
"分类url":"https://avss.vip/fcw/{cateId}-{catePg}.html",
"免嗅":"0",
"嗅探词":".m3u8#.mp4#.flv#.m4a#.avi#.mkv#.mov#.3gp#.asf#.rm#.rmvb#.wmv#.mpg#.mpeg#.mpe#.ts#.vob#.mp3#.wma"
}