{
//规则名
"规则名": "XYQH",
//作者
"规则作者": "张弘",
//请求头UA,键名$键值，每一组用#分开，不填则默认okhttp/3.12.11，可填MOBILE_UA或PC_UA使用内置的手机版或电脑版UA
//多个请求头参数写法示例，"User-Agent$PC_UA#Referer$http://ww.baidu.com#Cookie$ser=ok",每一组用#分开。
//习惯查看手机源码写建议用手机版UA，习惯查看PC版源码写建议用电脑版UA，不支持Content-Type参数
"请求头参数":"MOBILE_UA",
//网页编码格式默认UTF-8编码，UTF-8，GBK，GB2312
"网页编码格式":"UTF-8",
//图片是否需要代理
"图片是否需要代理":"0",
"是否开启获取首页数据":"1",
"分类起始页码": "1",
//分类链接,{cateId}是分类，{catePg}是页码,第一页没有页码的可以这样写 第二页链接[firstPage=第一页的链接]
"分类链接": "https://maa1812.com/zh/{cateId}/all/{catePg}.html",
//分类名，分类1&分类2&分类3
"分类名称": "分类清单&分类清单&无码AV&H动画&自拍影片",
//分类名替换词，替换词1&替换词2&替换词3，替换词包含英文&的用两个中文＆＆代替，示例：＆＆id=0&＆＆id=1
"分类名称替换词": "chinese_list&chinese_category&uncensored_list&animation_list&dt_list",
//筛选数据，json格式，参考xpath的筛选写法
"筛选数据":{
"chinese_list":[
{
"key":"cateId",
"name":"分类",
"value":[
{"n":"全部","v":""},
{"v":"chinese_category/1","n":"企画"},
{"v":"chinese_category/2","n":"女同性恋"},
{"v":"chinese_category/3","n":"猎艳、搭讪"},
{"v":"chinese_category/4","n":"野外・露出"},
{"v":"chinese_category/5","n":"偶像艺人"},
{"v":"chinese_category/6","n":"其他恋物癖"},
{"v":"chinese_category/7","n":"近亲相奸"},
{"v":"chinese_category/8","n":"巨乳癖"},
{"v":"chinese_category/9","n":"情侣"},
{"v":"chinese_category/11","n":"花痴"},
{"v":"chinese_category/12","n":"偷窥"},
{"v":"chinese_category/13","n":"恋腿癖"},
{"v":"chinese_category/14","n":"其他"},
{"v":"chinese_category/15","n":"痴汉"}
]
},
{
"key":"cateId",
"name":"",
"value":[
{"v":"chinese_category/16","n":"倒追"},
{"v":"chinese_category/17","n":"奴隷"},
{"v":"chinese_category/18","n":"跳舞"},
{"v":"chinese_category/19","n":"双性人"},
{"v":"chinese_category/20","n":"姐妹"},
{"v":"chinese_category/21","n":"通奸"},
{"v":"chinese_category/22","n":"鬼畜"},
{"v":"chinese_category/23","n":"学校作品"},
{"v":"chinese_category/24","n":"恶作剧"},
{"v":"chinese_category/25","n":"妄想"},
{"v":"chinese_category/26","n":"残忍画面"},
{"v":"chinese_category/27","n":"烂醉如泥的"},
{"v":"chinese_category/28","n":"处女"},
{"v":"chinese_category/29","n":"美容院"},
{"v":"chinese_category/30","n":"性感的"},
{"v":"chinese_category/31","n":"女同接吻"},
{"v":"chinese_category/32","n":"运动"}
]
},
{
"key":"cateId",
"name":"",
"value":[

{"v":"chinese_category/34","n":"出轨"},
{"v":"chinese_category/35","n":"正太控"},
{"v":"chinese_category/36","n":"处男"},
{"v":"chinese_category/37","n":"蛮横娇羞"},
{"v":"chinese_category/38","n":"触手"},
{"v":"chinese_category/39","n":"呕吐"},
{"v":"chinese_category/40","n":"拷问"},
{"v":"chinese_category/42","n":"女优合集"},
{"v":"chinese_category/43","n":"温泉"},
{"v":"chinese_category/44","n":"M男"},
{"v":"chinese_category/45","n":"原作コラボ"},
{"v":"chinese_category/47","n":"デカチン・巨根"},
{"v":"chinese_category/48","n":"ファン感谢・访问"},
{"v":"chinese_category/50","n":"巨尻"},
{"v":"chinese_category/51","n":"ハーレム"}
]
},
{"key":"cateId",
"name":"",
"value":[
{"v":"chinese_category/52","n":"日焼け"},
{"v":"chinese_category/53","n":"早漏"},
{"v":"chinese_category/54","n":"キス・接吻"},
{"v":"chinese_category/55","n":"汗だく"},
{"v":"chinese_category/56","n":"服务生"},
{"v":"chinese_category/57","n":"高中女生"},
{"v":"chinese_category/58","n":"女主播"},
{"v":"chinese_category/59","n":"女生"},
{"v":"chinese_category/60","n":"黑人演员"},
{"v":"chinese_category/61","n":"痴女"},
{"v":"chinese_category/62","n":"护士"},
{"v":"chinese_category/63","n":"家庭教师"},
{"v":"chinese_category/64","n":"母亲"},
{"v":"chinese_category/65","n":"女教师"},
{"v":"chinese_category/66","n":"展场女孩"},
{"v":"chinese_category/67","n":"女大学生"}
]
},
{"key":"cateId",
"name":"",
"value":[
{"v":"chinese_category/68","n":"赛车女郎"},
{"v":"chinese_category/69","n":"妓女"},
{"v":"chinese_category/70","n":"各种职业"},
{"v":"chinese_category/71","n":"女医生"},
{"v":"chinese_category/72","n":"人妻"},
{"v":"chinese_category/73","n":"白人"},
{"v":"chinese_category/74","n":"千金小姐"},
{"v":"chinese_category/75","n":"寡妇"},
{"v":"chinese_category/76","n":"车掌小姐"},
{"v":"chinese_category/77","n":"格斗家"},
{"v":"chinese_category/78","n":"姐姐"},
{"v":"chinese_category/79","n":"新娘、嫩妻"},
{"v":"chinese_category/80","n":"美少女"},
{"v":"chinese_category/81","n":"秘书"},
{"v":"chinese_category/82","n":"模特儿"},
{"v":"chinese_category/83","n":"女主人、女老板"}
]
},
{
"key":"cateId",
"name":"",
"value":[
{"v":"chinese_category/84","n":"明星脸"},
{"v":"chinese_category/85","n":"女检察官"},
{"v":"chinese_category/86","n":"格斗家"},
{"v":"chinese_category/87","n":"义母"},
{"v":"chinese_category/88","n":"教练"},
{"v":"chinese_category/89","n":"伴侣"},
{"v":"chinese_category/90","n":"亚洲女演员"},
{"v":"chinese_category/92","n":"童年朋友"},
{"v":"chinese_category/94","n":"角色扮演"},
{"v":"chinese_category/95","n":"眼镜"},
{"v":"chinese_category/96","n":"泳装"},
{"v":"chinese_category/97","n":"校服"},
{"v":"chinese_category/98","n":"迷你裙"},
{"v":"chinese_category/99","n":"女仆"},
{"v":"chinese_category/100","n":"旗袍"},
{"v":"chinese_category/101","n":"学校泳装"},
{"v":"chinese_category/102","n":"水手服"}
]
},
{
"key":"cateId",
"name":"",
"value":[
{"v":"chinese_category/103","n":"内衣"},
{"v":"chinese_category/104","n":"体育服"},
{"v":"chinese_category/105","n":"和服・丧服"},
{"v":"chinese_category/106","n":"OL"},
{"v":"chinese_category/107","n":"身体意识"},
{"v":"chinese_category/108","n":"连裤袜"},
{"v":"chinese_category/109","n":"空姐"},
{"v":"chinese_category/111","n":"裸体围裙"},
{"v":"chinese_category/112","n":"紧身衣"},
{"v":"chinese_category/113","n":"制服"},
{"v":"chinese_category/114","n":"泡泡袜"},
{"v":"chinese_category/115","n":"女祭司"},
{"v":"chinese_category/116","n":"猫耳女"},
{"v":"chinese_category/117","n":"兔女郎"},
{"v":"chinese_category/118","n":"猥亵穿着"},
{"v":"chinese_category/119","n":"偷看内裤"}
]
},
{
"key":"cateId",
"name":"",
"value":[
{"v":"chinese_category/120","n":"女装人妖"},
{"v":"chinese_category/121","n":"女忍者"},
{"v":"chinese_category/122","n":"娃娃"},
{"v":"chinese_category/123","n":"及膝袜"},
{"v":"chinese_category/124","n":"女战士"},
{"v":"chinese_category/127","n":"巨乳"},
{"v":"chinese_category/128","n":"贫乳・微乳"},
{"v":"chinese_category/129","n":"萝莉塔"},
{"v":"chinese_category/130","n":"熟女"},
{"v":"chinese_category/131","n":"孕妇"},
{"v":"chinese_category/132","n":"苗条"},
{"v":"chinese_category/133","n":"胖女人"},
{"v":"chinese_category/134","n":"无毛"},
{"v":"chinese_category/135","n":"变性者"},
{"v":"chinese_category/136","n":"高"},
{"v":"chinese_category/137","n":"屁股"},
{"v":"chinese_category/138","n":"娇小的"},
{"v":"chinese_category/139","n":"乳房"}
]
}
],
"chinese_category":[
{
"key":"cateId",
"name":"",
"value":[
{"n":"全部","v":""},
{"v":"chinese_category/141","n":"超乳"},
{"v":"chinese_category/142","n":"中出"},
{"v":"chinese_category/143","n":"颜射"},
{"v":"chinese_category/144","n":"自慰"},
{"v":"chinese_category/145","n":"颜 射"},
{"v":"chinese_category/146","n":"肛交"},
{"v":"chinese_category/147","n":"吞精"},
{"v":"chinese_category/148","n":"打手枪"},
{"v":"chinese_category/149","n":"放尿"},
{"v":"chinese_category/150","n":"乱交"},
{"v":"chinese_category/151","n":"口交"},
{"v":"chinese_category/152","n":"饮尿"},
{"v":"chinese_category/153","n":"排便"},
{"v":"chinese_category/154","n":"乳交"},
{"v":"chinese_category/155","n":"潮吹"},
{"v":"chinese_category/156","n":"淫语"},
{"v":"chinese_category/157","n":"69"},
{"v":"chinese_category/158","n":"深喉"},
{"v":"chinese_category/159","n":"拳交"},
{"v":"chinese_category/160","n":"舔阴"}
]
},
{
"key":"cateId",
"name":"",
"value":[
{"v":"chinese_category/161","n":"骑乗位"},
{"v":"chinese_category/162","n":"按摩"},
{"v":"chinese_category/163","n":"手指插入"},
{"v":"chinese_category/164","n":"母乳"},
{"v":"chinese_category/165","n":"足交"},
{"v":"chinese_category/167","n":"颜面骑乘"},
{"v":"chinese_category/168","n":"肛内中出"},
{"v":"chinese_category/169","n":"多P"},
{"v":"chinese_category/170","n":"按摩棒"},
{"v":"chinese_category/171","n":"紧缚"},
{"v":"chinese_category/172","n":"跳蛋"},
{"v":"chinese_category/173","n":"玩具"},
{"v":"chinese_category/174","n":"粪便"},
{"v":"chinese_category/175","n":"SM"},{"v":"chinese_category/176","n":"车震"},
{"v":"chinese_category/177","n":"药物"},
{"v":"chinese_category/179","n":"紧缚"},
{"v":"chinese_category/180","n":"监禁"},
{"v":"chinese_category/181","n":"灌肠"},
{"v":"chinese_category/182","n":"鸭嘴"}
]
},
{
"key":"cateId",
"name":"",
"value":[
{"v":"chinese_category/183","n":"插入异物"},
{"v":"chinese_category/184","n":"轮奸"},
{"v":"chinese_category/185","n":"拘束"},
{"v":"chinese_category/186","n":"凌辱"},
{"v":"chinese_category/187","n":"羞耻"},
{"v":"chinese_category/188","n":"乳液"},
{"v":"chinese_category/189","n":"催眠"},
{"v":"chinese_category/190","n":"子宫颈"},
{"v":"chinese_category/191","n":"女优按摩棒"},
{"v":"chinese_category/192","n":"立即口交"},
{"v":"chinese_category/193","n":"合集"},
{"v":"chinese_category/194","n":"单体作品"},
{"v":"chinese_category/195","n":"DMM独家"},
{"v":"chinese_category/197","n":"局部特写"},
{"v":"chinese_category/198","n":"素人"},
{"v":"chinese_category/199","n":"第一人称摄影"}
]
},
{
"key":"cateId",
"name":"",
"value":[

{"v":"chinese_category/200","n":"国外进口"},
{"v":"chinese_category/201","n":"纪录片"},
{"v":"chinese_category/202","n":"投稿"},
{"v":"chinese_category/203","n":"数位马赛克"},
{"v":"chinese_category/204","n":"首次亮相"},
{"v":"chinese_category/206","n":"薄马赛克"},
{"v":"chinese_category/207","n":"4小时以上作品"},
{"v":"chinese_category/208","n":"介绍影片"},
{"v":"chinese_category/209","n":"主观视角"},
{"v":"chinese_category/210","n":"高画质"},
{"v":"chinese_category/211","n":"恋爱"},
{"v":"chinese_category/212","n":"戏剧"},
{"v":"chinese_category/213","n":"复刻版"},
{"v":"chinese_category/214","n":"限时降价"}
]
},
{
"key":"cateId",
"name":"",
"value":[

{"v":"chinese_category/215","n":"故事集"},
{"v":"chinese_category/216","n":"特效"},
{"v":"chinese_category/221","n":"DMM专属"},
{"v":"chinese_category/222","n":"教学"},
{"v":"chinese_category/223","n":"给女性观众"},
{"v":"chinese_category/224","n":"恐怖"},
{"v":"chinese_category/225","n":"合作作品"},
{"v":"chinese_category/226","n":"パラダイスTV"},
{"v":"chinese_category/227","n":"DVDトースター"},
{"v":"chinese_category/229","n":"假阳具"},
{"v":"chinese_category/230","n":"科幻"},
{"v":"chinese_category/234","n":"ゲーム実写版"},
{"v":"chinese_category/249","n":"萝莉塔"}
]
},
{
"key":"cateId",
"name":"",
"value":[
{"v":"chinese_category/250","n":"娇小"},
{"v":"chinese_category/251","n":"受孕"},
{"v":"chinese_category/261","n":"母狗"},
{"v":"chinese_category/262","n":"VR専用"},
{"v":"chinese_category/264","n":"时间停止"},
{"v":"chinese_category/268","n":"ファンタジー"},
{"v":"chinese_category/279","n":"体験告白"},
{"v":"chinese_category/280","n":"性転换・女体化"},
{"v":"chinese_category/288","n":"セレブの友キャンペーン対象作品"},
{"v":"chinese_category/299","n":"人妻・主妇"},
{"v":"chinese_category/300","n":"连裤袜・裤袜"}
]
},
{
"key":"cateId",
"name":"",
"value":[
{"v":"chinese_category/301","n":"推拿"},
{"v":"chinese_category/302","n":"乳液油"},
{"v":"chinese_category/303","n":"若妻・幼妻"},
{"v":"chinese_category/304","n":"撒尿"},
{"v":"chinese_category/305","n":"保健皂"},
{"v":"chinese_category/306","n":"顶高潮"},
{"v":"chinese_category/307","n":"滥用"},
{"v":"chinese_category/308","n":"M女"},
{"v":"chinese_category/309","n":"职业装"},
{"v":"chinese_category/310","n":"バック"},
{"v":"chinese_category/311","n":"不戴胸罩"},
{"v":"chinese_category/312","n":"女上司"},
{"v":"chinese_category/313","n":"浴"},{"v":"chinese_category/314","n":"冷藏柜"},
{"v":"chinese_category/315","n":"旅行"},
{"v":"chinese_category/318","n":"男の潮吹き"}
]
},
{
"key":"cateId",
"name":"",
"value":[
{"v":"chinese_category/319","n":"娘・养女"},
{"v":"chinese_category/322","n":"面试"},
{"v":"chinese_category/324","n":"接待员"},
{"v":"chinese_category/325","n":"没内衣"},
{"v":"chinese_category/327","n":"部下・同僚"},
{"v":"chinese_category/331","n":"约会"},
{"v":"chinese_category/332","n":"新娘"},
{"v":"chinese_category/334","n":"祖父"},
{"v":"chinese_category/337","n":"运动员"},
{"v":"chinese_category/338","n":"医院・诊所"},
{"v":"chinese_category/339","n":"打屁股"},
{"v":"chinese_category/340","n":"旅馆"},
{"v":"chinese_category/343","n":"新人接连登场"},
{"v":"chinese_category/344","n":"白眼・失神"},
{"v":"chinese_category/345","n":"妈妈朋友"},
{"v":"chinese_category/346","n":"啦啦队长"},
{"v":"chinese_category/348","n":"俱乐部・经理"},
{"v":"chinese_category/349","n":"妄想族"},
{"v":"chinese_category/350","n":"エマニエル"}
]
}
],
"uncensored_list":[
{
"key":"cateId",
"name":"分类",
"value":[
{"n":"全部","v":""},
{"n":"一本道","v":"uncensored_makersr/32"},
{"n":"カリビアンコム","v":"uncensored_makersr/30"},
{"n":"カリビアンコムPPV","v":"uncensored_makersr/40"},
{"n":"天然むすめ","v":"uncensored_makersr/31"},
{"n":"HEYZO","v":"uncensored_makersr/17"},
{"n":"東京熱","v":"uncensored_makersr/29"},
{"n":"ガチん娘！","v":"uncensored_makersr/35"},
{"n":"パコパコママ","v":"uncensored_makersr/36"},
{"n":"エッチな4610","v":"uncensored_makersr/34"}
]
},
{
"key":"cateId",
"name":"",
"value":[
{"n":"人妻斬り0930","v":"uncensored_makersr/38"},
{"n":"エッチな0930","v":"uncensored_makersr/39"},
{"n":"トリプルエックス","v":"uncensored_makersr/126"}
]
}
],
"animation_list":[
{
"key":"cateId",
"name":"分类",
"value":[
{"n":"全部","v":""},
{"n":"H有码动画","v":"CensoredAnimation_random"},
{"n":"H无码动画","v":"UncensoredAnimation_random"},
{"n":"H_3D动画","v":"tdAnimation_random"}
]
}
]
},

//分类页面截取数据模式，0为json，其它数字为普通网页。
"分类截取模式": "1",
//分类列表数组定位，最多支持3层，能力有限，不是所有页面都能支持
"分类列表数组规则": "body&&.post",
//分类片单信息jsoup与正则截取写法切换，只作用于html网页，1为jsoup写法(默认)，0为正则截取写法
"分类片单是否Jsoup写法":"1",
//下面这六个分类数据如果不填将调用首页那截取的配置（片单写法需一致，且取值也得一致）。
//分类片单标题
"分类片单标题": "h3&&Text",
//分类片单链接
"分类片单链接": "a&&href",
//分类片单图片，支持自定义图片链接
"分类片单图片": "img&&src",
//分类片单副标题
"分类片单副标题":".meta&&Text",
//分类片单链接补前缀  
"分类片单链接加前缀": "",
//分类片单链接补后缀
"分类片单链接加后缀": "",

//片单链接是否直接播放，0否，1分类片单链接直接播放，2详情选集链接直接播放。
//设置成直接播放后，后面3个参数请注意该留空的请务必留空。
"链接是否直接播放": "1",
//直接播放链接补前缀
"直接播放链接加前缀": "",
//直接播放链接补后缀，设置为#isVideo=true#可强制识别为视频链接
"直接播放链接加后缀": "",
//直接播放链接设置请求头，只对直链视频有效，每一组用#分开
"直接播放直链视频请求头": "",
//下面几个参数请勿乱用。否则可能会有副作用。
//分析网页源码中有<script type="text/javascript">var player_aaaa={"flag":"play","encrypt这种源码的链接解析
//如果网页源码里没有这种请设置为0
"分析MacPlayer":"0",
//是否开启手动嗅探，只对网页嗅探有效，0否，1是
"是否开启手动嗅探":"1",
//手动嗅探视频链接关键词，每个用#隔开
"手动嗅探视频链接关键词":".mp4#.m3u8#.flv",
//手动嗅探视频链接过滤关键词,每个用#隔开
"手动嗅探视频链接过滤词":".html#=http"
}